date,cluster,participating_stocks,positive_stocks,negative_stocks
2020-03-09,2,7,7,0
2020-03-09,1,6,6,0
2020-03-09,4,4,4,0
2020-03-09,6,4,4,0
2020-03-09,5,1,1,0
2020-03-09,8,1,1,0
2020-03-19,4,5,0,5
2020-03-19,2,4,1,3
2020-03-19,1,3,0,3
2020-03-19,6,2,0,2
2020-03-19,8,1,0,1
2020-03-19,9,1,0,1
2020-03-23,4,6,0,6
2020-03-23,2,4,1,3
2020-03-23,1,3,0,3
2020-03-23,6,1,0,1
2020-03-23,8,1,0,1
2020-03-23,9,1,0,1
2020-03-24,4,6,0,6
2020-03-24,2,4,1,3
2020-03-24,1,3,0,3
2020-03-24,5,2,0,2
2020-03-24,3,1,0,1
2020-03-24,6,1,0,1
2020-03-24,8,1,0,1
2020-03-24,9,1,0,1
2021-03-09,1,5,0,5
2021-03-09,4,5,0,5
2021-03-09,6,3,0,3
2021-03-09,2,2,0,2
2021-03-09,3,1,0,1
2021-03-09,8,1,0,1
2021-03-09,9,1,0,1
2021-03-12,4,6,0,6
2021-03-12,1,5,0,5
2021-03-12,2,3,0,3
2021-03-12,5,2,0,2
2021-03-12,6,2,0,2
2021-03-12,3,1,0,1
2021-03-12,8,1,0,1
2021-03-12,9,1,0,1
2025-04-04,2,8,8,0
2025-04-04,1,4,3,1
2025-04-04,4,4,4,0
2025-04-04,6,4,4,0
2025-04-04,5,1,1,0
2025-04-07,2,8,8,0
2025-04-07,1,4,3,1
2025-04-07,6,4,4,0
2025-04-07,4,3,3,0
2025-04-07,5,1,1,0
2025-04-07,8,1,1,0
2025-04-08,2,9,9,0
2025-04-08,6,4,4,0
2025-04-08,1,3,3,0
2025-04-08,4,3,3,0
2025-04-08,5,1,1,0
2025-04-08,8,1,1,0
2026-04-10,2,9,0,9
2026-04-10,1,5,0,5
2026-04-10,4,2,0,2
2026-04-10,6,2,0,2
2026-04-10,3,1,0,1
