ticker,lag,autocorrelation,observations,approx_95_threshold,significant
WDS,1,-0.07071294977306682,4806,0.028272498397317145,True
WDS,2,0.01404728478140033,4806,0.028272498397317145,False
WDS,3,0.011496515131806648,4806,0.028272498397317145,False
WDS,4,0.010313026570440512,4806,0.028272498397317145,False
WDS,5,-0.02720436035684614,4806,0.028272498397317145,False
WDS,6,-0.044940212676453255,4806,0.028272498397317145,True
WDS,7,0.05786808448368808,4806,0.028272498397317145,True
WDS,8,-0.025952893278954926,4806,0.028272498397317145,False
WDS,9,0.02550983197647777,4806,0.028272498397317145,False
WDS,10,-0.008332612242649494,4806,0.028272498397317145,False
WDS,11,-0.012718739673463068,4806,0.028272498397317145,False
WDS,12,0.0070872901033316605,4806,0.028272498397317145,False
WDS,13,0.005153624297240079,4806,0.028272498397317145,False
WDS,14,-0.023655988143637306,4806,0.028272498397317145,False
WDS,15,-0.020485038702058506,4806,0.028272498397317145,False
WDS,16,0.017078964136046648,4806,0.028272498397317145,False
WDS,17,-0.016559101055148687,4806,0.028272498397317145,False
WDS,18,-0.06321614080130983,4806,0.028272498397317145,True
WDS,19,0.0673444522123257,4806,0.028272498397317145,True
WDS,20,0.02232878698199144,4806,0.028272498397317145,False
FTI,1,-0.037977670784007364,6334,0.024627313667256213,True
FTI,2,0.03117365370918415,6334,0.024627313667256213,True
FTI,3,-8.011033970235166e-05,6334,0.024627313667256213,False
FTI,4,-0.02108058042403276,6334,0.024627313667256213,False
FTI,5,-0.010247281869268293,6334,0.024627313667256213,False
FTI,6,-0.014137147862367843,6334,0.024627313667256213,False
FTI,7,0.020960175480254115,6334,0.024627313667256213,False
FTI,8,-0.021783114027925644,6334,0.024627313667256213,False
FTI,9,-0.0016890874251149757,6334,0.024627313667256213,False
FTI,10,0.011400372449219872,6334,0.024627313667256213,False
FTI,11,-0.01710727367259107,6334,0.024627313667256213,False
FTI,12,-0.014770528225829294,6334,0.024627313667256213,False
FTI,13,0.0037873222438286895,6334,0.024627313667256213,False
FTI,14,0.009283130132893867,6334,0.024627313667256213,False
FTI,15,-0.01945655791814248,6334,0.024627313667256213,False
FTI,16,0.010319784957648705,6334,0.024627313667256213,False
FTI,17,0.017746226082767883,6334,0.024627313667256213,False
FTI,18,-0.020305164392527626,6334,0.024627313667256213,False
FTI,19,-0.03152331220716749,6334,0.024627313667256213,True
FTI,20,0.03199519307873001,6334,0.024627313667256213,True
EOG,1,-0.017016430695633415,9288,0.020337378341246548,False
EOG,2,-0.002926225586320136,9288,0.020337378341246548,False
EOG,3,0.0025106816246028758,9288,0.020337378341246548,False
EOG,4,-0.021308589123957958,9288,0.020337378341246548,True
EOG,5,-0.02158417792894492,9288,0.020337378341246548,True
EOG,6,-0.0024311660619758114,9288,0.020337378341246548,False
EOG,7,0.0064855029943277215,9288,0.020337378341246548,False
EOG,8,-0.022870514818358802,9288,0.020337378341246548,True
EOG,9,-0.006869084131692665,9288,0.020337378341246548,False
EOG,10,0.02202630610890877,9288,0.020337378341246548,True
EOG,11,-0.011833642068505186,9288,0.020337378341246548,False
EOG,12,-0.008587903805831427,9288,0.020337378341246548,False
EOG,13,0.010442371490835108,9288,0.020337378341246548,False
EOG,14,0.005247169576476665,9288,0.020337378341246548,False
EOG,15,-0.00808195916246205,9288,0.020337378341246548,False
EOG,16,-0.01094816215553308,9288,0.020337378341246548,False
EOG,17,0.011100072328534178,9288,0.020337378341246548,False
EOG,18,-0.030721090755837163,9288,0.020337378341246548,True
EOG,19,-0.028280317731220687,9288,0.020337378341246548,True
EOG,20,0.024121511230814303,9288,0.020337378341246548,True
KMI,1,-0.01390364279156825,3904,0.03136903558355952,False
KMI,2,0.03925361674552152,3904,0.03136903558355952,True
KMI,3,-0.007453325808436418,3904,0.03136903558355952,False
KMI,4,-0.019214689840700534,3904,0.03136903558355952,False
KMI,5,0.00981350831403785,3904,0.03136903558355952,False
KMI,6,-0.0818811413498623,3904,0.03136903558355952,True
KMI,7,0.03919399627808713,3904,0.03136903558355952,True
KMI,8,-0.013123578250154722,3904,0.03136903558355952,False
KMI,9,0.008611012513006621,3904,0.03136903558355952,False
KMI,10,0.035585112291024366,3904,0.03136903558355952,True
KMI,11,-0.04764517455762062,3904,0.03136903558355952,True
KMI,12,0.004298534896505984,3904,0.03136903558355952,False
KMI,13,-0.011153966970521447,3904,0.03136903558355952,False
KMI,14,0.04340360413074743,3904,0.03136903558355952,True
KMI,15,-0.0236632292331692,3904,0.03136903558355952,False
KMI,16,-0.003427414388716463,3904,0.03136903558355952,False
KMI,17,0.03665417269709861,3904,0.03136903558355952,True
KMI,18,0.023994630082311945,3904,0.03136903558355952,False
KMI,19,0.009662971348997986,3904,0.03136903558355952,False
KMI,20,0.006936263395466143,3904,0.03136903558355952,False
BKR,1,0.001958319224736862,2296,0.04090440968535443,False
BKR,2,0.03588540730406214,2296,0.04090440968535443,False
BKR,3,-0.009662483444757081,2296,0.04090440968535443,False
BKR,4,-0.027257820125008374,2296,0.04090440968535443,False
BKR,5,-0.02059554376839254,2296,0.04090440968535443,False
BKR,6,-0.01633761161519594,2296,0.04090440968535443,False
BKR,7,0.08767412570565246,2296,0.04090440968535443,True
BKR,8,-0.012201418409954002,2296,0.04090440968535443,False
BKR,9,0.027639829552014005,2296,0.04090440968535443,False
BKR,10,0.04873495993750069,2296,0.04090440968535443,True
BKR,11,-0.004256584700339834,2296,0.04090440968535443,False
BKR,12,0.03769049813238191,2296,0.04090440968535443,False
BKR,13,-0.009076086939229169,2296,0.04090440968535443,False
BKR,14,0.013570194433720017,2296,0.04090440968535443,False
BKR,15,-0.00040708473976658024,2296,0.04090440968535443,False
BKR,16,0.025366061798003697,2296,0.04090440968535443,False
BKR,17,0.009093914305660106,2296,0.04090440968535443,False
BKR,18,-0.04652035291781527,2296,0.04090440968535443,True
BKR,19,-0.015349611345558721,2296,0.04090440968535443,False
BKR,20,-0.01539232663813233,2296,0.04090440968535443,False
TRGP,1,0.06123364079082398,3950,0.031185845539688617,True
TRGP,2,0.0037008868261364223,3950,0.031185845539688617,False
TRGP,3,0.01283644858140258,3950,0.031185845539688617,False
TRGP,4,-0.01414045052218519,3950,0.031185845539688617,False
TRGP,5,0.0042173450784836666,3950,0.031185845539688617,False
TRGP,6,0.023386431831024655,3950,0.031185845539688617,False
TRGP,7,0.14252361341228756,3950,0.031185845539688617,True
TRGP,8,-0.02183762204105478,3950,0.031185845539688617,False
TRGP,9,-0.010492151918336088,3950,0.031185845539688617,False
TRGP,10,0.04832807491234014,3950,0.031185845539688617,True
TRGP,11,-0.019904172549629427,3950,0.031185845539688617,False
TRGP,12,0.0037796353337604333,3950,0.031185845539688617,False
TRGP,13,0.005625157205778545,3950,0.031185845539688617,False
TRGP,14,0.049876692334913715,3950,0.031185845539688617,True
TRGP,15,-0.013551625720648998,3950,0.031185845539688617,False
TRGP,16,0.007795245135141592,3950,0.031185845539688617,False
TRGP,17,0.03630561370604031,3950,0.031185845539688617,True
TRGP,18,-0.027397762690800704,3950,0.031185845539688617,False
TRGP,19,0.0010985609371302698,3950,0.031185845539688617,False
TRGP,20,0.031327046412490074,3950,0.031185845539688617,True
EQT,1,-0.001603376814005768,9771,0.01982834947344484,False
EQT,2,-0.008764545243269226,9771,0.01982834947344484,False
EQT,3,0.011703207530638367,9771,0.01982834947344484,False
EQT,4,-0.011671980613516287,9771,0.01982834947344484,False
EQT,5,-0.01891700985341305,9771,0.01982834947344484,False
EQT,6,-0.008032437974023277,9771,0.01982834947344484,False
EQT,7,-0.013930326606882391,9771,0.01982834947344484,False
EQT,8,0.0159932383141156,9771,0.01982834947344484,False
EQT,9,0.008166018529251725,9771,0.01982834947344484,False
EQT,10,-0.020161648714278346,9771,0.01982834947344484,True
EQT,11,-0.010334191714569473,9771,0.01982834947344484,False
EQT,12,0.0021866928163741524,9771,0.01982834947344484,False
EQT,13,-0.004306113653319165,9771,0.01982834947344484,False
EQT,14,0.0024800282101892514,9771,0.01982834947344484,False
EQT,15,-0.021608882909977405,9771,0.01982834947344484,True
EQT,16,0.004435700939006188,9771,0.01982834947344484,False
EQT,17,-0.001740371628791878,9771,0.01982834947344484,False
EQT,18,0.005190154481161129,9771,0.01982834947344484,False
EQT,19,-0.005184024977706762,9771,0.01982834947344484,False
EQT,20,-0.0007085491715845529,9771,0.01982834947344484,False
HAL,1,0.020418731851523708,11755,0.018077765753324482,True
HAL,2,-0.010714930421107506,11755,0.018077765753324482,False
HAL,3,-0.007245164623231531,11755,0.018077765753324482,False
HAL,4,-0.016417833891507593,11755,0.018077765753324482,False
HAL,5,-0.005206746025627705,11755,0.018077765753324482,False
HAL,6,-0.005910220799441926,11755,0.018077765753324482,False
HAL,7,0.017564846921845914,11755,0.018077765753324482,False
HAL,8,-0.0010006916584028918,11755,0.018077765753324482,False
HAL,9,0.01041739237158006,11755,0.018077765753324482,False
HAL,10,0.0025073012179226356,11755,0.018077765753324482,False
HAL,11,-0.0058964222410978475,11755,0.018077765753324482,False
HAL,12,0.007537981724690412,11755,0.018077765753324482,False
HAL,13,-0.0036561728547105563,11755,0.018077765753324482,False
HAL,14,0.0033302404150405804,11755,0.018077765753324482,False
HAL,15,-0.012030798872762231,11755,0.018077765753324482,False
HAL,16,0.032539774372594116,11755,0.018077765753324482,True
HAL,17,5.006127750002063e-05,11755,0.018077765753324482,False
HAL,18,-0.02899894541127755,11755,0.018077765753324482,True
HAL,19,-0.01206271287858435,11755,0.018077765753324482,False
HAL,20,0.02264952004958235,11755,0.018077765753324482,True
TTE,1,-0.18225834230719098,4718,0.028534949157868434,True
TTE,2,-0.07070643677993865,4718,0.028534949157868434,True
TTE,3,0.049135330133357503,4718,0.028534949157868434,True
TTE,4,-0.001922901235457137,4718,0.028534949157868434,False
TTE,5,0.021276805946789074,4718,0.028534949157868434,False
TTE,6,-0.0382672221426851,4718,0.028534949157868434,True
TTE,7,0.01784960351360894,4718,0.028534949157868434,False
TTE,8,-0.028528678492394762,4718,0.028534949157868434,False
TTE,9,-0.014362249381074717,4718,0.028534949157868434,False
TTE,10,-0.004085350082925167,4718,0.028534949157868434,False
TTE,11,0.004132334935815739,4718,0.028534949157868434,False
TTE,12,-0.018249416027297558,4718,0.028534949157868434,False
TTE,13,0.00015492288764643082,4718,0.028534949157868434,False
TTE,14,-0.003092820083651287,4718,0.028534949157868434,False
TTE,15,-0.0010917170997398948,4718,0.028534949157868434,False
TTE,16,0.00185322859369863,4718,0.028534949157868434,False
TTE,17,-0.0008605229925713311,4718,0.028534949157868434,False
TTE,18,0.00020551667671772517,4718,0.028534949157868434,False
TTE,19,-0.041913996524708924,4718,0.028534949157868434,True
TTE,20,0.01605325142870632,4718,0.028534949157868434,False
SU,1,0.019317866525264883,8236,0.021597222493341738,False
SU,2,-0.012027262550565921,8236,0.021597222493341738,False
SU,3,0.00909625174387829,8236,0.021597222493341738,False
SU,4,0.011925764769136503,8236,0.021597222493341738,False
SU,5,0.0013589920266648108,8236,0.021597222493341738,False
SU,6,-0.0001703607336873648,8236,0.021597222493341738,False
SU,7,-0.00220397859024546,8236,0.021597222493341738,False
SU,8,-0.02338837574240611,8236,0.021597222493341738,True
SU,9,-0.027858148747150313,8236,0.021597222493341738,True
SU,10,-0.011510230488392118,8236,0.021597222493341738,False
SU,11,-0.014598913450015835,8236,0.021597222493341738,False
SU,12,-0.010911640618917013,8236,0.021597222493341738,False
SU,13,-0.009355829709967092,8236,0.021597222493341738,False
SU,14,-0.014710996534396057,8236,0.021597222493341738,False
SU,15,0.014728300655402208,8236,0.021597222493341738,False
SU,16,0.0015941837590757063,8236,0.021597222493341738,False
SU,17,-0.009265725097199603,8236,0.021597222493341738,False
SU,18,-0.030822333912179124,8236,0.021597222493341738,True
SU,19,-0.009780657945747782,8236,0.021597222493341738,False
SU,20,0.0590625590655261,8236,0.021597222493341738,True
TRP,1,-0.03160748971701839,9734,0.019865998594176575,True
TRP,2,-0.0006554356282254719,9734,0.019865998594176575,False
TRP,3,0.011079660032019517,9734,0.019865998594176575,False
TRP,4,-0.003777737626481666,9734,0.019865998594176575,False
TRP,5,-0.015783905026798405,9734,0.019865998594176575,False
TRP,6,-0.02801189324728576,9734,0.019865998594176575,True
TRP,7,0.028928111125646194,9734,0.019865998594176575,True
TRP,8,-0.0026962504536279623,9734,0.019865998594176575,False
TRP,9,-0.0037310428169290977,9734,0.019865998594176575,False
TRP,10,-0.02758120392432799,9734,0.019865998594176575,True
TRP,11,-0.007143339512987821,9734,0.019865998594176575,False
TRP,12,-0.0007669086006808247,9734,0.019865998594176575,False
TRP,13,-0.036469445469839136,9734,0.019865998594176575,True
TRP,14,0.0001459163624181513,9734,0.019865998594176575,False
TRP,15,-0.005532921379252361,9734,0.019865998594176575,False
TRP,16,-0.0029451340130130332,9734,0.019865998594176575,False
TRP,17,-0.009118401985761169,9734,0.019865998594176575,False
TRP,18,-0.017573497485140938,9734,0.019865998594176575,False
TRP,19,-0.013563405600039283,9734,0.019865998594176575,False
TRP,20,0.004973021144438627,9734,0.019865998594176575,False
E,1,-0.03987195881015025,7733,0.022288562843353964,True
E,2,-0.0034120502481060698,7733,0.022288562843353964,False
E,3,0.005666771708558751,7733,0.022288562843353964,False
E,4,0.012489210905321896,7733,0.022288562843353964,False
E,5,0.004249045690237963,7733,0.022288562843353964,False
E,6,-0.023945384811580414,7733,0.022288562843353964,True
E,7,0.022779461001930255,7733,0.022288562843353964,True
E,8,-0.017329028385066704,7733,0.022288562843353964,False
E,9,-0.010391895466885327,7733,0.022288562843353964,False
E,10,-0.02445374953017409,7733,0.022288562843353964,True
E,11,-0.008791984048755643,7733,0.022288562843353964,False
E,12,-0.01096670897354298,7733,0.022288562843353964,False
E,13,-0.023829512302879784,7733,0.022288562843353964,True
E,14,-0.007416305458382654,7733,0.022288562843353964,False
E,15,-0.015384036979804686,7733,0.022288562843353964,False
E,16,0.04191460028249319,7733,0.022288562843353964,True
E,17,-0.02198969006837322,7733,0.022288562843353964,False
E,18,-0.04835533757179029,7733,0.022288562843353964,True
E,19,0.009485195745663644,7733,0.022288562843353964,False
E,20,0.0035599385248765267,7733,0.022288562843353964,False
PBA,1,-0.023133081413263135,3993,0.03101747324301525,False
PBA,2,0.036381096849650386,3993,0.03101747324301525,True
PBA,3,0.01200241096414649,3993,0.03101747324301525,False
PBA,4,0.007491198565158148,3993,0.03101747324301525,False
PBA,5,0.006540790795908764,3993,0.03101747324301525,False
PBA,6,-0.16304870562072485,3993,0.03101747324301525,True
PBA,7,0.14927413760059263,3993,0.03101747324301525,True
PBA,8,-0.027094772283465796,3993,0.03101747324301525,False
PBA,9,-0.02580517529648026,3993,0.03101747324301525,False
PBA,10,0.022399182579562877,3993,0.03101747324301525,False
PBA,11,-0.06996096979640798,3993,0.03101747324301525,True
PBA,12,0.055873545465445894,3993,0.03101747324301525,True
PBA,13,-0.056959835981563914,3993,0.03101747324301525,True
PBA,14,0.05225429167351454,3993,0.03101747324301525,True
PBA,15,-0.025461410257136358,3993,0.03101747324301525,False
PBA,16,0.015319801124127678,3993,0.03101747324301525,False
PBA,17,0.02786423651473322,3993,0.03101747324301525,False
PBA,18,-0.0775509031721381,3993,0.03101747324301525,True
PBA,19,0.005273244239780684,3993,0.03101747324301525,False
PBA,20,0.000687783806466599,3993,0.03101747324301525,False
EQNR,1,-0.04577486548685116,2078,0.04299651932104197,True
EQNR,2,0.03461334862417277,2078,0.04299651932104197,False
EQNR,3,-0.0266665653622412,2078,0.04299651932104197,False
EQNR,4,0.017532626047175696,2078,0.04299651932104197,False
EQNR,5,0.050493369492762785,2078,0.04299651932104197,True
EQNR,6,-0.03203137717902517,2078,0.04299651932104197,False
EQNR,7,0.07069540112576157,2078,0.04299651932104197,True
EQNR,8,-0.04925161869629296,2078,0.04299651932104197,True
EQNR,9,-0.021544547343086504,2078,0.04299651932104197,False
EQNR,10,-0.03185982576585711,2078,0.04299651932104197,False
EQNR,11,-0.032686332639859705,2078,0.04299651932104197,False
EQNR,12,0.015943810316037976,2078,0.04299651932104197,False
EQNR,13,-0.04337456126582656,2078,0.04299651932104197,True
EQNR,14,0.022529701664399018,2078,0.04299651932104197,False
EQNR,15,-0.04503787051228804,2078,0.04299651932104197,True
EQNR,16,0.03829439208353071,2078,0.04299651932104197,False
EQNR,17,0.00542211818600801,2078,0.04299651932104197,False
EQNR,18,-0.0437854561982311,2078,0.04299651932104197,True
EQNR,19,-0.0003799772807011368,2078,0.04299651932104197,False
EQNR,20,0.017431243210027744,2078,0.04299651932104197,False
IMO,1,0.028465262587771434,10103,0.019499833128313424,True
IMO,2,0.0003061903560394484,10103,0.019499833128313424,False
IMO,3,0.012763464805297334,10103,0.019499833128313424,False
IMO,4,0.026404904208747255,10103,0.019499833128313424,True
IMO,5,-0.0007019232890904811,10103,0.019499833128313424,False
IMO,6,-0.0051524784341122525,10103,0.019499833128313424,False
IMO,7,0.013013198494354705,10103,0.019499833128313424,False
IMO,8,0.003943817871935603,10103,0.019499833128313424,False
IMO,9,-0.02623219649628816,10103,0.019499833128313424,True
IMO,10,-0.0017249788756046565,10103,0.019499833128313424,False
IMO,11,-0.0009037911571404072,10103,0.019499833128313424,False
IMO,12,-0.010110579762490418,10103,0.019499833128313424,False
IMO,13,-0.0025963321661705064,10103,0.019499833128313424,False
IMO,14,-0.005802727918633184,10103,0.019499833128313424,False
IMO,15,-0.01841294813108056,10103,0.019499833128313424,False
IMO,16,-0.004713195550453176,10103,0.019499833128313424,False
IMO,17,-0.014698004254108443,10103,0.019499833128313424,False
IMO,18,-0.029913960863667967,10103,0.019499833128313424,True
IMO,19,-0.021477723914042256,10103,0.019499833128313424,True
IMO,20,0.026547806177287064,10103,0.019499833128313424,True
TS,1,-0.038929374653632734,5958,0.02539252109499141,True
TS,2,0.004440107042771216,5958,0.02539252109499141,False
TS,3,0.01655496123201606,5958,0.02539252109499141,False
TS,4,-0.0017193850045170397,5958,0.02539252109499141,False
TS,5,0.013310825335747537,5958,0.02539252109499141,False
TS,6,-0.01345938458154882,5958,0.02539252109499141,False
TS,7,0.015452082710936572,5958,0.02539252109499141,False
TS,8,-0.0003102743233517939,5958,0.02539252109499141,False
TS,9,-0.0021035654650449344,5958,0.02539252109499141,False
TS,10,-0.0016528205810579354,5958,0.02539252109499141,False
TS,11,0.0013600313027578238,5958,0.02539252109499141,False
TS,12,0.019638592605427913,5958,0.02539252109499141,False
TS,13,0.004015873360058058,5958,0.02539252109499141,False
TS,14,-0.001890082362582317,5958,0.02539252109499141,False
TS,15,-0.004885941918082107,5958,0.02539252109499141,False
TS,16,0.03842665013183579,5958,0.02539252109499141,True
TS,17,-0.00035419565639767365,5958,0.02539252109499141,False
TS,18,-0.060570991201286305,5958,0.02539252109499141,True
TS,19,0.022795120918335982,5958,0.02539252109499141,False
TS,20,0.03955366421512135,5958,0.02539252109499141,True
XOM,1,-0.0658975489366175,11755,0.018077765753324482,True
XOM,2,-0.05687983505401363,11755,0.018077765753324482,True
XOM,3,-0.019899524494912387,11755,0.018077765753324482,True
XOM,4,-0.017835676340867832,11755,0.018077765753324482,False
XOM,5,0.00046013264483675244,11755,0.018077765753324482,False
XOM,6,-0.018851368271705634,11755,0.018077765753324482,True
XOM,7,0.0005577967179625041,11755,0.018077765753324482,False
XOM,8,0.007503607540601259,11755,0.018077765753324482,False
XOM,9,-0.003094343978394351,11755,0.018077765753324482,False
XOM,10,0.006116155810198711,11755,0.018077765753324482,False
XOM,11,-0.0034575155306217657,11755,0.018077765753324482,False
XOM,12,0.01782341621721379,11755,0.018077765753324482,False
XOM,13,-0.0280525557646071,11755,0.018077765753324482,True
XOM,14,-0.004190907350660484,11755,0.018077765753324482,False
XOM,15,-0.0033270011759079688,11755,0.018077765753324482,False
XOM,16,0.03273471610117003,11755,0.018077765753324482,True
XOM,17,0.0034948737256085168,11755,0.018077765753324482,False
XOM,18,-0.038038625215393244,11755,0.018077765753324482,True
XOM,19,-0.0019160467060512158,11755,0.018077765753324482,False
XOM,20,0.011268891080294007,11755,0.018077765753324482,False
CVX,1,-0.03727924303052453,11755,0.018077765753324482,True
CVX,2,-0.009384930665320536,11755,0.018077765753324482,False
CVX,3,-0.003219624802725428,11755,0.018077765753324482,False
CVX,4,-0.016417061495438715,11755,0.018077765753324482,False
CVX,5,0.00815582439299982,11755,0.018077765753324482,False
CVX,6,-0.018814932510155407,11755,0.018077765753324482,True
CVX,7,0.019534878387063866,11755,0.018077765753324482,True
CVX,8,-0.015429795826714528,11755,0.018077765753324482,False
CVX,9,0.009692419820674633,11755,0.018077765753324482,False
CVX,10,-0.011349433927503483,11755,0.018077765753324482,False
CVX,11,-0.0029758639131847358,11755,0.018077765753324482,False
CVX,12,0.008965459970653001,11755,0.018077765753324482,False
CVX,13,-0.021752089942155745,11755,0.018077765753324482,True
CVX,14,0.007963446354236573,11755,0.018077765753324482,False
CVX,15,-0.022946614523632204,11755,0.018077765753324482,True
CVX,16,0.01306930807986524,11755,0.018077765753324482,False
CVX,17,-0.005754490426707596,11755,0.018077765753324482,False
CVX,18,-0.024756932724478178,11755,0.018077765753324482,True
CVX,19,0.004783629086214539,11755,0.018077765753324482,False
CVX,20,0.007349045254930923,11755,0.018077765753324482,False
COP,1,-0.02762975071050786,11250,0.01847905721500844,True
COP,2,-0.020820885242132325,11250,0.01847905721500844,True
COP,3,-0.0037580817606338622,11250,0.01847905721500844,False
COP,4,0.003301898478057506,11250,0.01847905721500844,False
COP,5,0.00015747118721720984,11250,0.01847905721500844,False
COP,6,-0.013386680048250056,11250,0.01847905721500844,False
COP,7,0.008300752743097163,11250,0.01847905721500844,False
COP,8,-0.0009342837138483895,11250,0.01847905721500844,False
COP,9,-0.012166705959958847,11250,0.01847905721500844,False
COP,10,0.0017163569306562576,11250,0.01847905721500844,False
COP,11,-0.022844558945276858,11250,0.01847905721500844,True
COP,12,0.008193108669376855,11250,0.01847905721500844,False
COP,13,-0.005483800401883096,11250,0.01847905721500844,False
COP,14,-0.008911371436762235,11250,0.01847905721500844,False
COP,15,-0.006317011280030706,11250,0.01847905721500844,False
COP,16,0.011539591154442568,11250,0.01847905721500844,False
COP,17,-0.005844032342862148,11250,0.01847905721500844,False
COP,18,-0.019484822102096268,11250,0.01847905721500844,True
COP,19,-0.0023241044746547764,11250,0.01847905721500844,False
COP,20,0.013167066093553028,11250,0.01847905721500844,False
WMB,1,0.09430585771520858,11250,0.01847905721500844,True
WMB,2,-0.0027065779166986132,11250,0.01847905721500844,False
WMB,3,0.025271244060732456,11250,0.01847905721500844,True
WMB,4,-0.0626586146578453,11250,0.01847905721500844,True
WMB,5,-0.10876711374098677,11250,0.01847905721500844,True
WMB,6,-0.07274808392719562,11250,0.01847905721500844,True
WMB,7,-0.0446119363790621,11250,0.01847905721500844,True
WMB,8,-0.04525151978144421,11250,0.01847905721500844,True
WMB,9,0.05529113317209766,11250,0.01847905721500844,True
WMB,10,0.04347856047126223,11250,0.01847905721500844,True
WMB,11,-0.024939295777407288,11250,0.01847905721500844,True
WMB,12,0.011328592801273876,11250,0.01847905721500844,False
WMB,13,-0.004630878049488232,11250,0.01847905721500844,False
WMB,14,0.019920560594945187,11250,0.01847905721500844,True
WMB,15,0.017266490275649662,11250,0.01847905721500844,False
WMB,16,0.030466471234126026,11250,0.01847905721500844,True
WMB,17,0.049374966381523534,11250,0.01847905721500844,True
WMB,18,0.014392096066793873,11250,0.01847905721500844,False
WMB,19,-0.012976838070251878,11250,0.01847905721500844,False
WMB,20,0.007858681240397935,11250,0.01847905721500844,False
SLB,1,-0.02455939151323716,11250,0.01847905721500844,True
SLB,2,-0.03039537851823454,11250,0.01847905721500844,True
SLB,3,-0.0017160322607292036,11250,0.01847905721500844,False
SLB,4,-0.008444787692900678,11250,0.01847905721500844,False
SLB,5,-0.02575540125278937,11250,0.01847905721500844,True
SLB,6,-0.011483555916329095,11250,0.01847905721500844,False
SLB,7,0.01553170197769714,11250,0.01847905721500844,False
SLB,8,0.009549927750768288,11250,0.01847905721500844,False
SLB,9,-0.005817708568196141,11250,0.01847905721500844,False
SLB,10,0.0021347721180155583,11250,0.01847905721500844,False
SLB,11,-0.0072507714159950965,11250,0.01847905721500844,False
SLB,12,0.021418653238614672,11250,0.01847905721500844,True
SLB,13,-0.005777431045720827,11250,0.01847905721500844,False
SLB,14,0.002103465000230428,11250,0.01847905721500844,False
SLB,15,-0.012321955322256476,11250,0.01847905721500844,False
SLB,16,0.017567353934731245,11250,0.01847905721500844,False
SLB,17,6.950619507454116e-05,11250,0.01847905721500844,False
SLB,18,-0.03402084894426849,11250,0.01847905721500844,True
SLB,19,-0.00015391886598745393,11250,0.01847905721500844,False
SLB,20,0.012197342697195485,11250,0.01847905721500844,False
VLO,1,0.025332806827962608,11249,0.01847987856119704,True
VLO,2,-0.0303714590381612,11249,0.01847987856119704,True
VLO,3,-0.01015807198855442,11249,0.01847987856119704,False
VLO,4,-0.021337394869331203,11249,0.01847987856119704,True
VLO,5,0.017406398412913488,11249,0.01847987856119704,False
VLO,6,0.009976092906001419,11249,0.01847987856119704,False
VLO,7,0.010795540789556371,11249,0.01847987856119704,False
VLO,8,0.013151457174474123,11249,0.01847987856119704,False
VLO,9,0.00636967794308976,11249,0.01847987856119704,False
VLO,10,0.014867895824292673,11249,0.01847987856119704,False
VLO,11,-0.004527040498157479,11249,0.01847987856119704,False
VLO,12,0.003150462149587857,11249,0.01847987856119704,False
VLO,13,0.002581697577070776,11249,0.01847987856119704,False
VLO,14,-0.0028899370707668208,11249,0.01847987856119704,False
VLO,15,-0.016590665908042174,11249,0.01847987856119704,False
VLO,16,0.025459953881119407,11249,0.01847987856119704,True
VLO,17,0.009714248825999937,11249,0.01847987856119704,False
VLO,18,-0.03155831120549737,11249,0.01847987856119704,True
VLO,19,0.0002346998724581468,11249,0.01847987856119704,False
VLO,20,0.015058893790336342,11249,0.01847987856119704,False
PSX,1,-0.0026327331695427266,3611,0.0326168733399549,False
PSX,2,0.012359879646971272,3611,0.0326168733399549,False
PSX,3,-0.002107216523642999,3611,0.0326168733399549,False
PSX,4,0.01954625231478297,3611,0.0326168733399549,False
PSX,5,0.01072052381385266,3611,0.0326168733399549,False
PSX,6,-0.0358752420376308,3611,0.0326168733399549,True
PSX,7,0.05346168703771296,3611,0.0326168733399549,True
PSX,8,0.01682835126342688,3611,0.0326168733399549,False
PSX,9,-0.00962402103801415,3611,0.0326168733399549,False
PSX,10,-0.0022086617492642134,3611,0.0326168733399549,False
PSX,11,0.017564699381653916,3611,0.0326168733399549,False
PSX,12,0.0028279010940121204,3611,0.0326168733399549,False
PSX,13,-0.05013405292268013,3611,0.0326168733399549,True
PSX,14,0.0033328855548133895,3611,0.0326168733399549,False
PSX,15,-0.04064544789471429,3611,0.0326168733399549,True
PSX,16,0.02741421912385983,3611,0.0326168733399549,False
PSX,17,0.024912760069963243,3611,0.0326168733399549,False
PSX,18,-0.02420721393627098,3611,0.0326168733399549,False
PSX,19,-0.0180057795674882,3611,0.0326168733399549,False
PSX,20,0.015722042407447914,3611,0.0326168733399549,False
MPC,1,-0.00935651674449589,3813,0.03174115082431193,False
MPC,2,0.049187797859839684,3813,0.03174115082431193,True
MPC,3,0.026142049447614675,3813,0.03174115082431193,False
MPC,4,0.021288660501818976,3813,0.03174115082431193,False
MPC,5,0.02516492901580501,3813,0.03174115082431193,False
MPC,6,-0.014476138785294483,3813,0.03174115082431193,False
MPC,7,0.03132302533814793,3813,0.03174115082431193,False
MPC,8,0.008641399082744947,3813,0.03174115082431193,False
MPC,9,-0.019125584342067875,3813,0.03174115082431193,False
MPC,10,0.0061363968336913466,3813,0.03174115082431193,False
MPC,11,0.029700949694371523,3813,0.03174115082431193,False
MPC,12,0.02204627349557835,3813,0.03174115082431193,False
MPC,13,-0.03418881083878253,3813,0.03174115082431193,True
MPC,14,0.02815751258838043,3813,0.03174115082431193,False
MPC,15,-0.0455285113911712,3813,0.03174115082431193,True
MPC,16,0.02500805601750075,3813,0.03174115082431193,False
MPC,17,0.012877132067711404,3813,0.03174115082431193,False
MPC,18,-0.04001501481928107,3813,0.03174115082431193,True
MPC,19,0.004671867547892408,3813,0.03174115082431193,False
MPC,20,-0.0006355589904858047,3813,0.03174115082431193,False
OKE,1,-0.008734438578804344,10365,0.0192518034062941,False
OKE,2,-0.01292992746205655,10365,0.0192518034062941,False
OKE,3,0.016493046887405233,10365,0.0192518034062941,False
OKE,4,0.01077328365436454,10365,0.0192518034062941,False
OKE,5,0.006443542408707298,10365,0.0192518034062941,False
OKE,6,-0.009191924664112085,10365,0.0192518034062941,False
OKE,7,0.06934886918804736,10365,0.0192518034062941,True
OKE,8,0.011194150870601894,10365,0.0192518034062941,False
OKE,9,0.002092883743374381,10365,0.0192518034062941,False
OKE,10,0.017584781030998867,10365,0.0192518034062941,False
OKE,11,-0.03737618790641085,10365,0.0192518034062941,True
OKE,12,0.011200804744182056,10365,0.0192518034062941,False
OKE,13,-0.005208819600252697,10365,0.0192518034062941,False
OKE,14,0.0182214423956415,10365,0.0192518034062941,False
OKE,15,-0.02600671943603307,10365,0.0192518034062941,True
OKE,16,-0.0013586331969698158,10365,0.0192518034062941,False
OKE,17,-0.004223236102645313,10365,0.0192518034062941,False
OKE,18,-0.03312238985190927,10365,0.0192518034062941,True
OKE,19,-0.019493672596290867,10365,0.0192518034062941,True
OKE,20,0.03432042855896889,10365,0.0192518034062941,True
LNG,1,-0.04921032263244854,8151,0.021709540171593437,True
LNG,2,0.0047602365544882775,8151,0.021709540171593437,False
LNG,3,-0.03764293814886759,8151,0.021709540171593437,True
LNG,4,-0.00381465756053504,8151,0.021709540171593437,False
LNG,5,0.016268499736485018,8151,0.021709540171593437,False
LNG,6,-0.019626236459098403,8151,0.021709540171593437,False
LNG,7,0.01392234880019347,8151,0.021709540171593437,False
LNG,8,-0.007837454462204923,8151,0.021709540171593437,False
LNG,9,0.01595185553349061,8151,0.021709540171593437,False
LNG,10,-0.004121944309745727,8151,0.021709540171593437,False
LNG,11,-0.014920638333161,8151,0.021709540171593437,False
LNG,12,-0.01423842112023245,8151,0.021709540171593437,False
LNG,13,0.0030969898562486346,8151,0.021709540171593437,False
LNG,14,0.022759227754147425,8151,0.021709540171593437,True
LNG,15,0.009540402496900774,8151,0.021709540171593437,False
LNG,16,0.008105515253583674,8151,0.021709540171593437,False
LNG,17,0.007238773967167507,8151,0.021709540171593437,False
LNG,18,-0.022458536461614304,8151,0.021709540171593437,True
LNG,19,0.0005213812118953217,8151,0.021709540171593437,False
LNG,20,0.006482068531902196,8151,0.021709540171593437,False
OXY,1,-0.025104401243843142,11250,0.01847905721500844,True
OXY,2,-0.010156669845880104,11250,0.01847905721500844,False
OXY,3,-0.006037347364689391,11250,0.01847905721500844,False
OXY,4,-0.03236421359387972,11250,0.01847905721500844,True
OXY,5,0.0077350792842726885,11250,0.01847905721500844,False
OXY,6,0.004387711295646459,11250,0.01847905721500844,False
OXY,7,0.003715621878180405,11250,0.01847905721500844,False
OXY,8,0.009093179921745343,11250,0.01847905721500844,False
OXY,9,0.00799204925622158,11250,0.01847905721500844,False
OXY,10,0.020886395027262642,11250,0.01847905721500844,True
OXY,11,-0.01869388518395487,11250,0.01847905721500844,True
OXY,12,-0.005995285595360113,11250,0.01847905721500844,False
OXY,13,-0.02582239876149923,11250,0.01847905721500844,True
OXY,14,0.006711778976394626,11250,0.01847905721500844,False
OXY,15,0.02280146006619184,11250,0.01847905721500844,True
OXY,16,0.0019978977986170837,11250,0.01847905721500844,False
OXY,17,0.005576058685703829,11250,0.01847905721500844,False
OXY,18,-0.016299173847723076,11250,0.01847905721500844,False
OXY,19,-0.014208278601055203,11250,0.01847905721500844,False
OXY,20,0.0015324503927733727,11250,0.01847905721500844,False
FANG,1,0.017212743592053794,3483,0.033210799761322796,False
FANG,2,0.029501958187911938,3483,0.033210799761322796,False
FANG,3,-0.03407334943182422,3483,0.033210799761322796,True
FANG,4,-0.021438241023709365,3483,0.033210799761322796,False
FANG,5,0.027877986878007764,3483,0.033210799761322796,False
FANG,6,-0.0006751102453654396,3483,0.033210799761322796,False
FANG,7,0.08623354790185507,3483,0.033210799761322796,True
FANG,8,0.011733651353638555,3483,0.033210799761322796,False
FANG,9,-0.0072341099434142546,3483,0.033210799761322796,False
FANG,10,8.703193966874253e-05,3483,0.033210799761322796,False
FANG,11,-0.048421093451119425,3483,0.033210799761322796,True
FANG,12,-0.013961564203521834,3483,0.033210799761322796,False
FANG,13,-0.04224165621258914,3483,0.033210799761322796,True
FANG,14,0.02270944650672017,3483,0.033210799761322796,False
FANG,15,-0.01160958853388698,3483,0.033210799761322796,False
FANG,16,-0.011457036397228683,3483,0.033210799761322796,False
FANG,17,0.009304920077728982,3483,0.033210799761322796,False
FANG,18,-0.021806225179470055,3483,0.033210799761322796,False
FANG,19,-0.055380449657859564,3483,0.033210799761322796,True
FANG,20,0.014222157438748495,3483,0.033210799761322796,False
TPL,1,0.004387602784853872,9733,0.019867019116541013,False
TPL,2,0.012951341808862468,9733,0.019867019116541013,False
TPL,3,0.004654487711825623,9733,0.019867019116541013,False
TPL,4,-0.004677840903206799,9733,0.019867019116541013,False
TPL,5,0.012979072272202878,9733,0.019867019116541013,False
TPL,6,0.012165395978428955,9733,0.019867019116541013,False
TPL,7,0.02450786324952477,9733,0.019867019116541013,True
TPL,8,-0.014048464947869604,9733,0.019867019116541013,False
TPL,9,-0.013381810798373828,9733,0.019867019116541013,False
TPL,10,-0.006371542093733481,9733,0.019867019116541013,False
TPL,11,-0.018228774853077712,9733,0.019867019116541013,False
TPL,12,0.021665173314534464,9733,0.019867019116541013,True
TPL,13,-0.0015063906796962134,9733,0.019867019116541013,False
TPL,14,-0.00940830483447868,9733,0.019867019116541013,False
TPL,15,-0.008766278516300621,9733,0.019867019116541013,False
TPL,16,0.0036011196899025538,9733,0.019867019116541013,False
TPL,17,0.02991845023969514,9733,0.019867019116541013,True
TPL,18,0.015609825952518598,9733,0.019867019116541013,False
TPL,19,0.0025271674642513425,9733,0.019867019116541013,False
TPL,20,0.009764495076905515,9733,0.019867019116541013,False
DVN,1,0.014422174697458302,8669,0.021050943706585327,False
DVN,2,-0.01255969624849363,8669,0.021050943706585327,False
DVN,3,0.00369809644336385,8669,0.021050943706585327,False
DVN,4,-0.006153135881167386,8669,0.021050943706585327,False
DVN,5,0.009319828141513505,8669,0.021050943706585327,False
DVN,6,-0.0016482603337320122,8669,0.021050943706585327,False
DVN,7,0.024347564094023715,8669,0.021050943706585327,True
DVN,8,0.005593250271565691,8669,0.021050943706585327,False
DVN,9,0.007608842379499374,8669,0.021050943706585327,False
DVN,10,0.005068291197314839,8669,0.021050943706585327,False
DVN,11,-0.026686199026420793,8669,0.021050943706585327,True
DVN,12,-0.0010863124798504125,8669,0.021050943706585327,False
DVN,13,0.00549270924865778,8669,0.021050943706585327,False
DVN,14,0.011646859274247176,8669,0.021050943706585327,False
DVN,15,-0.011364063287039716,8669,0.021050943706585327,False
DVN,16,0.012408920329008227,8669,0.021050943706585327,False
DVN,17,0.00868501743745619,8669,0.021050943706585327,False
DVN,18,-0.020343005173445197,8669,0.021050943706585327,False
DVN,19,-0.017156081091886512,8669,0.021050943706585327,False
DVN,20,0.016117308114190338,8669,0.021050943706585327,False
EXE,1,-0.02007266296030063,1389,0.052590215264254975,False
EXE,2,-0.03944558867662986,1389,0.052590215264254975,False
EXE,3,-0.028819299052859917,1389,0.052590215264254975,False
EXE,4,0.0006449188757801672,1389,0.052590215264254975,False
EXE,5,-0.012815099365296038,1389,0.052590215264254975,False
EXE,6,-0.01703685089017611,1389,0.052590215264254975,False
EXE,7,-0.06717299954133796,1389,0.052590215264254975,True
EXE,8,-0.0337116987680496,1389,0.052590215264254975,False
EXE,9,-0.011181080644425358,1389,0.052590215264254975,False
EXE,10,0.023130495110574228,1389,0.052590215264254975,False
EXE,11,-0.04748011148378074,1389,0.052590215264254975,False
EXE,12,0.011005237613288558,1389,0.052590215264254975,False
EXE,13,0.003245872299042875,1389,0.052590215264254975,False
EXE,14,0.05693376620802566,1389,0.052590215264254975,True
EXE,15,0.014874053514170258,1389,0.052590215264254975,False
EXE,16,-0.01726467822224422,1389,0.052590215264254975,False
EXE,17,-0.0016074536760422701,1389,0.052590215264254975,False
EXE,18,0.010258887228073037,1389,0.052590215264254975,False
EXE,19,-0.052258407032123914,1389,0.052590215264254975,False
EXE,20,-0.009303719690838236,1389,0.052590215264254975,False
SHEL,1,-0.008771440035848017,9734,0.019865998594176575,False
SHEL,2,-0.0009022652088016415,9734,0.019865998594176575,False
SHEL,3,-0.0045632077829019626,9734,0.019865998594176575,False
SHEL,4,-0.0007902703254040095,9734,0.019865998594176575,False
SHEL,5,-0.018722771207312805,9734,0.019865998594176575,False
SHEL,6,-0.014020333389882322,9734,0.019865998594176575,False
SHEL,7,0.03155447024215879,9734,0.019865998594176575,True
SHEL,8,-0.017729526605999357,9734,0.019865998594176575,False
SHEL,9,-0.01797126861680357,9734,0.019865998594176575,False
SHEL,10,-0.02181123313008662,9734,0.019865998594176575,True
SHEL,11,-0.0019964751651813536,9734,0.019865998594176575,False
SHEL,12,-0.014870901142210461,9734,0.019865998594176575,False
SHEL,13,-0.01619743114923723,9734,0.019865998594176575,False
SHEL,14,0.0029499834480475728,9734,0.019865998594176575,False
SHEL,15,-0.0216891340341636,9734,0.019865998594176575,True
SHEL,16,0.003072365749347178,9734,0.019865998594176575,False
SHEL,17,-0.0076643877547072845,9734,0.019865998594176575,False
SHEL,18,-0.03664961887934407,9734,0.019865998594176575,True
SHEL,19,0.004203852056241849,9734,0.019865998594176575,False
SHEL,20,0.02279517989635121,9734,0.019865998594176575,True
ENB,1,-0.0682760460360658,9168,0.020470043664073484,True
ENB,2,-0.011765149246696867,9168,0.020470043664073484,False
ENB,3,-0.006584147839775483,9168,0.020470043664073484,False
ENB,4,-0.005060266821416443,9168,0.020470043664073484,False
ENB,5,-0.021949896885096864,9168,0.020470043664073484,True
ENB,6,-0.024857793040575733,9168,0.020470043664073484,True
ENB,7,0.021706831995239543,9168,0.020470043664073484,True
ENB,8,-0.01508043537173203,9168,0.020470043664073484,False
ENB,9,-0.0025576357615077925,9168,0.020470043664073484,False
ENB,10,-0.029387815955907195,9168,0.020470043664073484,True
ENB,11,-0.01250496265278442,9168,0.020470043664073484,False
ENB,12,-0.0057375040184065385,9168,0.020470043664073484,False
ENB,13,-0.01352592960277059,9168,0.020470043664073484,False
ENB,14,0.004889167073200151,9168,0.020470043664073484,False
ENB,15,-0.01175945713726812,9168,0.020470043664073484,False
ENB,16,0.007453838270929729,9168,0.020470043664073484,False
ENB,17,0.012370836420813519,9168,0.020470043664073484,False
ENB,18,-0.012232251643582479,9168,0.020470043664073484,False
ENB,19,-0.0013548197378156228,9168,0.020470043664073484,False
ENB,20,0.013838414811354664,9168,0.020470043664073484,False
BP,1,0.022831452929651077,11755,0.018077765753324482,True
BP,2,-0.02515534376778487,11755,0.018077765753324482,True
BP,3,-0.003389872394107529,11755,0.018077765753324482,False
BP,4,-0.02477887468252249,11755,0.018077765753324482,True
BP,5,0.008459215750570938,11755,0.018077765753324482,False
BP,6,0.0065784349774577686,11755,0.018077765753324482,False
BP,7,-0.0059823770731363265,11755,0.018077765753324482,False
BP,8,-0.0202355425802051,11755,0.018077765753324482,True
BP,9,0.015166981017053277,11755,0.018077765753324482,False
BP,10,-0.023364653464953054,11755,0.018077765753324482,True
BP,11,-0.00729893066867794,11755,0.018077765753324482,False
BP,12,-0.013143553646698829,11755,0.018077765753324482,False
BP,13,-0.007653333165501996,11755,0.018077765753324482,False
BP,14,0.010994779499908914,11755,0.018077765753324482,False
BP,15,0.0004531418059495909,11755,0.018077765753324482,False
BP,16,0.011139847958107475,11755,0.018077765753324482,False
BP,17,-0.006875195301958118,11755,0.018077765753324482,False
BP,18,-0.01649518204126559,11755,0.018077765753324482,False
BP,19,-0.005911783078683191,11755,0.018077765753324482,False
BP,20,0.019409125727740246,11755,0.018077765753324482,True
CNQ,1,0.02673954163323557,6554,0.02421044950265354,True
CNQ,2,-0.014035617027994265,6554,0.02421044950265354,False
CNQ,3,0.025077541910988755,6554,0.02421044950265354,True
CNQ,4,0.021909332511479168,6554,0.02421044950265354,False
CNQ,5,-0.013337129054342296,6554,0.02421044950265354,False
CNQ,6,0.0006125066427671553,6554,0.02421044950265354,False
CNQ,7,0.015800165921965332,6554,0.02421044950265354,False
CNQ,8,-0.021628742264393496,6554,0.02421044950265354,False
CNQ,9,-0.0023290395059608524,6554,0.02421044950265354,False
CNQ,10,-0.0237609052383354,6554,0.02421044950265354,False
CNQ,11,-0.04576246030029572,6554,0.02421044950265354,True
CNQ,12,0.008182519924363807,6554,0.02421044950265354,False
CNQ,13,0.0024398038578922255,6554,0.02421044950265354,False
CNQ,14,-0.012300903074396494,6554,0.02421044950265354,False
CNQ,15,-0.022978702949891523,6554,0.02421044950265354,False
CNQ,16,0.004254929082130504,6554,0.02421044950265354,False
CNQ,17,-0.0035155763891958755,6554,0.02421044950265354,False
CNQ,18,-0.0330730506137334,6554,0.02421044950265354,True
CNQ,19,-0.0010032482230585718,6554,0.02421044950265354,False
CNQ,20,0.05426545060085289,6554,0.02421044950265354,True
CCJ,1,0.013176277750779229,7659,0.02239597822624132,False
CCJ,2,-0.027285581085740127,7659,0.02239597822624132,True
CCJ,3,-0.0148476688914421,7659,0.02239597822624132,False
CCJ,4,-0.03787695870846432,7659,0.02239597822624132,True
CCJ,5,0.006571090689117129,7659,0.02239597822624132,False
CCJ,6,-0.011161085587571696,7659,0.02239597822624132,False
CCJ,7,0.0038816212931097444,7659,0.02239597822624132,False
CCJ,8,0.0010210724781448595,7659,0.02239597822624132,False
CCJ,9,0.006323320096859842,7659,0.02239597822624132,False
CCJ,10,0.02583866157104517,7659,0.02239597822624132,True
CCJ,11,-0.007849326266688338,7659,0.02239597822624132,False
CCJ,12,-0.01587405660415287,7659,0.02239597822624132,False
CCJ,13,-0.0024281645649562767,7659,0.02239597822624132,False
CCJ,14,-0.017104821577888816,7659,0.02239597822624132,False
CCJ,15,0.01574932879879724,7659,0.02239597822624132,False
CCJ,16,0.0022782330021742948,7659,0.02239597822624132,False
CCJ,17,-0.008917891584974812,7659,0.02239597822624132,False
CCJ,18,-0.023857053425884924,7659,0.02239597822624132,True
CCJ,19,-0.004565438917916459,7659,0.02239597822624132,False
CCJ,20,0.014282312309581824,7659,0.02239597822624132,False
CVE,1,0.03472260555228119,4215,0.03018959465028108,True
CVE,2,0.023220078589606813,4215,0.03018959465028108,False
CVE,3,-0.003275612263029346,4215,0.03018959465028108,False
CVE,4,0.0032236506938151015,4215,0.03018959465028108,False
CVE,5,0.0023188470455293244,4215,0.03018959465028108,False
CVE,6,0.0571114734491445,4215,0.03018959465028108,True
CVE,7,0.06987487259426949,4215,0.03018959465028108,True
CVE,8,0.02337625078150844,4215,0.03018959465028108,False
CVE,9,-0.002748382602684736,4215,0.03018959465028108,False
CVE,10,0.013808754198192308,4215,0.03018959465028108,False
CVE,11,-0.035552738993871895,4215,0.03018959465028108,True
CVE,12,-0.03535210395435974,4215,0.03018959465028108,True
CVE,13,-0.0016402270268061716,4215,0.03018959465028108,False
CVE,14,0.022175045106635666,4215,0.03018959465028108,False
CVE,15,0.005662951357893733,4215,0.03018959465028108,False
CVE,16,-0.023845718462589684,4215,0.03018959465028108,False
CVE,17,0.006312821843192003,4215,0.03018959465028108,False
CVE,18,-0.04742756077369002,4215,0.03018959465028108,True
CVE,19,-0.02577509502938905,4215,0.03018959465028108,False
CVE,20,0.0077626130329963685,4215,0.03018959465028108,False
PBR,1,0.007367643173517582,6546,0.024225239027247675,False
PBR,2,-0.018882220774250825,6546,0.024225239027247675,False
PBR,3,0.03179614734615014,6546,0.024225239027247675,True
PBR,4,-0.0017307572446560915,6546,0.024225239027247675,False
PBR,5,0.023940404649740843,6546,0.024225239027247675,False
PBR,6,-0.01393413287694035,6546,0.024225239027247675,False
PBR,7,0.02798138369630185,6546,0.024225239027247675,True
PBR,8,-0.019141675398539053,6546,0.024225239027247675,False
PBR,9,-0.004346881707372401,6546,0.024225239027247675,False
PBR,10,0.02107547986279656,6546,0.024225239027247675,False
PBR,11,-0.009931683405254979,6546,0.024225239027247675,False
PBR,12,0.012436028291263772,6546,0.024225239027247675,False
PBR,13,0.010258701235217315,6546,0.024225239027247675,False
PBR,14,-0.01590229180134301,6546,0.024225239027247675,False
PBR,15,-0.001759678401601452,6546,0.024225239027247675,False
PBR,16,0.036370828002923725,6546,0.024225239027247675,True
PBR,17,-0.016383273583586492,6546,0.024225239027247675,False
PBR,18,-0.038052773046288846,6546,0.024225239027247675,True
PBR,19,0.006712031457793024,6546,0.024225239027247675,False
PBR,20,0.012079843336528198,6546,0.024225239027247675,False
