stock_1,stock_2,observations,correlation,volatility_1,volatility_2,volatility_difference,return_difference_std
VLO,MPC,3813,0.8336686309134881,0.024536247676562012,0.024859320465776852,0.00032307278921483995,0.014248280300983867
VLO,PSX,3611,0.820970158527957,0.02395232643156769,0.021123561127816888,0.0028287653037508027,0.013753735082531355
SU,CNQ,6554,0.8096122863950411,0.024212068326657395,0.026035705977223836,0.0018236376505664405,0.015599942876210129
PSX,MPC,3611,0.7953874142164475,0.021123561127816888,0.02433893147995671,0.003215370352139823,0.01485703401542727
EOG,FANG,3483,0.7920609593433507,0.023618231456033107,0.03016237940097745,0.006544147944944342,0.018414395340344027
CNQ,CVE,4215,0.7905804343187129,0.024476952401484786,0.02927519107143669,0.004798238669951903,0.017976361872546264
TRGP,OKE,3950,0.7901760796488911,0.030633248028124498,0.02398150969617993,0.006651738331944566,0.018775839796086963
FANG,DVN,3483,0.7881247431319058,0.03016237940097745,0.029841314237300135,0.0003210651636773136,0.019532398258513963
BKR,SLB,2296,0.7601530608903511,0.025216969272738986,0.02678547129820195,0.0015685020254629645,0.018068443882706075
EQNR,BP,2078,0.7593168298530502,0.02308650389249311,0.021192583756506376,0.0018939201359867326,0.015462907654247982
SU,CVE,4215,0.75900085014963,0.0221668291610326,0.02927519107143669,0.0071083619104040895,0.019060847262498733
HAL,SLB,11250,0.7576976078864494,0.027021331180498372,0.022837641171496014,0.004183690009002358,0.01779198004226632
E,EQNR,2078,0.7554522947475435,0.019005815167682676,0.02308650389249311,0.004080688724810433,0.015207111537787954
DVN,CVE,4215,0.7518446433804766,0.028268692476701954,0.02927519107143669,0.0010064985947347352,0.020291514928817454
IMO,CNQ,6554,0.751652935951368,0.020566930983031976,0.026035705977223836,0.00546877499419186,0.01720100501634694
HAL,FANG,3483,0.7515324319996358,0.027182156755441552,0.03016237940097745,0.0029802226455358967,0.02040363137628124
COP,FANG,3483,0.7509199012156255,0.02231667656193323,0.03016237940097745,0.007845702839044219,0.019921813935017085
OXY,FANG,3483,0.7490168105504833,0.0281707561233494,0.03016237940097745,0.0019916232776280504,0.020748154296251466
BKR,HAL,2296,0.7454554062368948,0.025216969272738986,0.030489870932649876,0.00527290165991089,0.02047493329152419
EQT,EXE,1389,0.7447324421367069,0.027221495917502773,0.021747877395217764,0.00547361852228501,0.01822641678661779
EQNR,SHEL,2078,0.7444632948325338,0.02308650389249311,0.020773225120663458,0.0023132787718296507,0.015825688887410427
EQNR,COP,2078,0.743106659486571,0.02308650389249311,0.025007753387264537,0.0019212494947714286,0.017329790016223732
IMO,CVE,4215,0.7352301082317781,0.020369727325739224,0.02927519107143669,0.008905463745697464,0.019876783046368526
EQNR,XOM,2078,0.7344549210490258,0.02308650389249311,0.019108025237468344,0.003978478655024764,0.015814932071333967
COP,CNQ,6554,0.7312522769522025,0.020954057214806095,0.026035705977223836,0.005081648762417741,0.017862132258157627
OXY,CVE,4215,0.7305117543843797,0.026918938356846615,0.02927519107143669,0.0023562527145900743,0.020743581127949575
FANG,CVE,3483,0.7244775557133353,0.03016237940097745,0.030528204655558066,0.0003658252545806172,0.02252859904971008
COP,CVE,4215,0.7231710644688746,0.021211156337751152,0.02927519107143669,0.008064034733685537,0.020219505687430812
DVN,CNQ,6554,0.7202826343983503,0.02734294790822793,0.026035705977223836,0.001307241931004094,0.019999163079378848
EOG,CNQ,6554,0.7157912618983876,0.024541867332905042,0.026035705977223836,0.0014938386443187936,0.019116232284999517
FTI,SLB,6334,0.7153490200448546,0.027381102081088595,0.023905873543708513,0.0034752285373800818,0.01961440086407855
PBA,ENB,3993,0.7147949222829764,0.01921082965795887,0.015088023687913295,0.004122805970045575,0.013503069362681341
KMI,OKE,3904,0.7147322618191243,0.01801533455406325,0.02410834922780617,0.00609301467374292,0.01687956701814427
EOG,CVE,4215,0.7115542342971436,0.02348949736079821,0.02927519107143669,0.00578569371063848,0.020740761973916933
HAL,CVE,4215,0.7092216237490014,0.027031984406244082,0.02927519107143669,0.002243206665192607,0.02156980558289753
SU,IMO,8236,0.7091696602217363,0.02294919083409766,0.0196210320236165,0.003328158810481159,0.01652243238638204
EQNR,CNQ,2078,0.70789695190603,0.02308650389249311,0.027045940873440755,0.003959436980947646,0.01950521004575782
EOG,EQNR,2078,0.7066812214317948,0.02658540638921973,0.02308650389249311,0.00349890249672662,0.01929506112910082
EQNR,CVX,2078,0.7056667836579047,0.02308650389249311,0.01979983573112725,0.0032866681613658577,0.0167298207689404
SHEL,BP,9734,0.7046227241410841,0.018724119062222072,0.017536323746678736,0.0011877953155433364,0.013978069342687818
SU,EQNR,2078,0.7038239388724347,0.024882495409829855,0.02308650389249311,0.0017959915173367466,0.01853381125840691
E,SHEL,7733,0.701367324770546,0.0185149362565788,0.01869700772432987,0.00018207146775106944,0.014380223552798669
SLB,FANG,3483,0.6993673429478785,0.023359656152472687,0.03016237940097745,0.006802723248504762,0.02167759786261292
EOG,DVN,8669,0.6977519055979996,0.02435348026569625,0.026190818633795864,0.0018373383680996141,0.019721719025747198
XOM,CVX,11755,0.6977094396784849,0.015604514606363067,0.018261078138437425,0.0026565635320743575,0.01339163546957032
FANG,CNQ,3483,0.6952004341471766,0.03016237940097745,0.02474404386719833,0.005418335533779118,0.02200741038903349
COP,DVN,8669,0.6947127911604991,0.020054973824478788,0.026190818633795864,0.006135844809317077,0.01893030847788656
CVX,CNQ,6554,0.6934360730867075,0.01718507769690042,0.026035705977223836,0.008850628280323417,0.018779316741942175
EQNR,DVN,2078,0.6926771507880589,0.02308650389249311,0.03303089382820481,0.0099443899357117,0.023824356139162558
PBA,OKE,3993,0.6920964582038148,0.01921082965795887,0.02387175185478357,0.0046609221968247,0.017439350866626156
OXY,CNQ,6554,0.6910311174724021,0.025798432721085708,0.026035705977223836,0.00023727325613812772,0.020374321813658326
XOM,PSX,3611,0.6901958860625838,0.01612933975505191,0.021123561127816888,0.004994221372764979,0.01536386687132834
TRP,PBA,3993,0.6898006168012802,0.014815414242102004,0.01921082965795887,0.004395415415856866,0.013996261633406754
HAL,EQNR,2078,0.6866660392501962,0.031657901051745825,0.02308650389249311,0.008571397159252717,0.023053888899421584
CVX,PSX,3611,0.6865814471971442,0.01713522832855943,0.021123561127816888,0.0039883327992574595,0.01558187741348308
SLB,CVE,4215,0.6854998363954847,0.023002046312581948,0.02927519107143669,0.006273144758854741,0.02151544644504829
OXY,DVN,8669,0.6853361114187375,0.02393380842453656,0.026190818633795864,0.0022570102092593046,0.01998964025018135
FTI,BKR,2296,0.680752423251529,0.031151036162704343,0.025216969272738986,0.005934066889965357,0.02316836771509923
E,BP,7733,0.6789562753639035,0.0185149362565788,0.018486684957968985,2.825129860981393e-05,0.014824788623819684
KMI,TRGP,3904,0.6784630389083786,0.01801533455406325,0.030762019290716675,0.012746684736653423,0.02277853961487845
COP,PSX,3611,0.6764709130094085,0.02203585062743671,0.021123561127816888,0.0009122894996198214,0.017378782705206267
FTI,HAL,6334,0.6743192864489078,0.027381102081088595,0.028802801190927475,0.0014216991098388795,0.022709447525732288
CVX,FANG,3483,0.6735568177999072,0.01731239067213191,0.03016237940097745,0.01284998872884554,0.02249551739161082
TRGP,DVN,3950,0.6732938979020849,0.030633248028124498,0.028851116763397192,0.0017821312647273053,0.0240969693068248
EQNR,IMO,2078,0.6727443725827362,0.02308650389249311,0.024053190077219948,0.0009666861847268393,0.019088929866749243
CVX,CVE,4215,0.6727149162567979,0.016808551854911303,0.02927519107143669,0.012466639216525386,0.021852088473279307
SU,FANG,3483,0.6725974679310657,0.022002594813901256,0.03016237940097745,0.008159784587076193,0.02238624279429103
SLB,CNQ,6554,0.6724215631721133,0.02403337501824856,0.026035705977223836,0.0020023309589752743,0.020345956459566997
XOM,FANG,3483,0.6721615590600544,0.016322695486955426,0.03016237940097745,0.013839683914022023,0.022679222315819036
BKR,COP,2296,0.6703911189086585,0.025216969272738986,0.024182699785713812,0.0010342694870251745,0.02007660817447016
E,TS,5958,0.6689096170919627,0.018528591936454602,0.02520614781485461,0.006677555878400007,0.01881092680180163
KMI,WMB,3904,0.6688720016936973,0.01801533455406325,0.023476737536550423,0.005461402982487172,0.017604610818395327
BKR,CVX,2296,0.668437366707028,0.025216969272738986,0.01919007289101708,0.006026896381721908,0.01890026615256749
TRGP,CVE,3950,0.6680944037429277,0.030633248028124498,0.029713045668436674,0.0009202023596878231,0.02459781354707875
EQNR,CVE,2078,0.6675422205124896,0.02308650389249311,0.034761782959704696,0.011675279067211587,0.025882919464722917
BP,CNQ,6554,0.6652409230464505,0.01877425319298963,0.026035705977223836,0.007261452784234207,0.0194933269835196
SHEL,CNQ,6554,0.6648359639702217,0.01843197082534059,0.026035705977223836,0.007603735151883246,0.01948076247116101
FTI,COP,6334,0.6638406124598796,0.027381102081088595,0.02103558330530113,0.006345518775787463,0.020676219788888364
TRGP,PBA,3950,0.6634726691447459,0.030633248028124498,0.019249994264533186,0.011383253763591311,0.02294497696610502
TS,SLB,5958,0.6630869254371277,0.02520614781485461,0.0237218423892023,0.0014843054256523103,0.020127301208503964
FANG,BP,3483,0.6621385707689366,0.03016237940097745,0.018631141995884993,0.011531237405092456,0.022642843581896745
XOM,CVE,4215,0.6620840477523477,0.0157430463567353,0.02927519107143669,0.013532144714701388,0.022239532709613916
EQNR,FANG,2078,0.661902188449581,0.02308650389249311,0.033548704565753006,0.010462200673259897,0.025163191991437246
BKR,XOM,2296,0.660817412014079,0.025216969272738986,0.018467190336496186,0.0067497789362428,0.01901223470702309
FTI,EOG,6334,0.6608100017950715,0.027381102081088595,0.0244031566323286,0.0029779454487599936,0.021497714204358753
SHEL,CVE,4215,0.6607523175118851,0.01797254756264458,0.02927519107143669,0.01130264350879211,0.022016810086871508
HAL,TS,5958,0.660367947679854,0.02689587572840514,0.02520614781485461,0.0016897279135505323,0.021525716051898697
EQNR,OXY,2078,0.6585891262253022,0.02308650389249311,0.03458964191742866,0.01150313802493555,0.02603060037379542
BKR,DVN,2296,0.6579566522274083,0.025216969272738986,0.03217406367431818,0.006957094401579194,0.02456466661594035
HAL,CNQ,6554,0.6577953611723498,0.028753327277210614,0.026035705977223836,0.0027176212999867784,0.022797878580622672
IMO,FANG,3483,0.6573862582227127,0.02094395872557473,0.03016237940097745,0.009218420675402718,0.022756338273199766
EOG,COP,9288,0.6535312796938412,0.02424920941011204,0.019899451996930072,0.004349757413181967,0.01879613164872658
KMI,PBA,3904,0.653099456457991,0.01801533455406325,0.019333546628828583,0.001318212074765332,0.015600923601642046
PBA,SHEL,3993,0.6516573448940602,0.01921082965795887,0.01806094788762582,0.0011498817703330493,0.015590003189386487
XOM,CNQ,6554,0.6508381283688587,0.016397743977896333,0.026035705977223836,0.009637961999327503,0.01977431316470243
WDS,EQNR,2078,0.6504709391433066,0.022998161038153143,0.02308650389249311,8.834285433996503e-05,0.019265791209083637
FTI,DVN,6334,0.6488994928400287,0.027381102081088595,0.027345529160011903,3.557292107669169e-05,0.022929779420560025
EOG,BKR,2296,0.6480801839890566,0.025663042700484116,0.025216969272738986,0.0004460734277451292,0.021346772317979077
SLB,PSX,3611,0.6474880381217814,0.023155137800992452,0.021123561127816888,0.002031576673175564,0.01868068195541805
OKE,CVE,4215,0.6474018215251941,0.02352832072413172,0.02927519107143669,0.005746870347304971,0.02277636951893545
E,CNQ,6554,0.6471306433281432,0.018567342414647314,0.026035705977223836,0.007468363562576522,0.019923361549631414
PBA,CVX,3993,0.6464261075557393,0.01921082965795887,0.01698519983591933,0.0022256298220395404,0.015352380768946586
PBA,CNQ,3993,0.6463916899715165,0.01921082965795887,0.024687392699930887,0.005476563041972016,0.019115466049755607
FANG,SHEL,3483,0.6459887584874577,0.03016237940097745,0.018423221664593942,0.011739157736383506,0.023048808313437995
TRGP,HAL,3950,0.6442298752063977,0.030633248028124498,0.02703492591344917,0.0035983221146753293,0.024540222011839523
FTI,CVX,6334,0.6436286615063296,0.027381102081088595,0.017258873764470887,0.010122228316617708,0.02095896380012393
SU,PBA,3993,0.6432529252485661,0.022206714685240048,0.01921082965795887,0.0029958850272811775,0.017701939087367287
OKE,FANG,3483,0.6428187496099843,0.025039470547651623,0.03016237940097745,0.005122908853325826,0.02378584624198148
TRGP,WMB,3950,0.6424590666275461,0.030633248028124498,0.023368816806297717,0.007264431221826781,0.023762837387331853
SU,COP,8236,0.6423959885372775,0.02294919083409766,0.020155297220113864,0.0027938936139837965,0.018401731224368435
FTI,OXY,6334,0.6414832662742804,0.027381102081088595,0.025962806904226306,0.0014182951768622887,0.02262175222497532
BKR,TS,2296,0.6410095003723635,0.025216969272738986,0.02363272913241896,0.001584240140320027,0.02074578465474033
TS,CNQ,5958,0.6403673363859982,0.02520614781485461,0.026546012813268297,0.0013398649984136882,0.021978899254331895
BP,CVE,4215,0.639981805077569,0.019133091323447794,0.02927519107143669,0.010142099747988895,0.022498277739395462
EQNR,SLB,2078,0.6393414106595982,0.02308650389249311,0.027772240723259765,0.004685736830766656,0.022009968116476958
FTI,CNQ,6334,0.6386591697186291,0.027381102081088595,0.026176123719227902,0.001204978361860693,0.022790796512686846
TRGP,FANG,3483,0.6383232586183152,0.03185964256224167,0.03016237940097745,0.0016972631612642217,0.026419620832878663
TS,SHEL,5958,0.6375687597869503,0.02520614781485461,0.01837119835541428,0.006834949459440329,0.01955445040769549
SLB,DVN,8669,0.6373819403679796,0.023347149170406915,0.026190818633795864,0.002843669463388949,0.02124981239597333
SU,TS,5958,0.6373043904088171,0.024583890604582676,0.02520614781485461,0.0006222572102719329,0.021210537116310383
KMI,ENB,3904,0.6372699274702539,0.01801533455406325,0.015198744936855012,0.002816589617208239,0.014372604630598635
EOG,PSX,3611,0.63700979882547,0.023576428499355442,0.021123561127816888,0.0024528673715385543,0.019172061957631346
TS,COP,5958,0.6362796317216276,0.02520614781485461,0.021199477050274543,0.004006670764580066,0.020118811370040037
PBA,COP,3993,0.6349994926377145,0.01921082965795887,0.021484450167731126,0.002273620509772256,0.01750616094793344
KMI,CVX,3904,0.6345304010014077,0.01801533455406325,0.017112209599981196,0.0009031249540820546,0.015038323202694001
PBA,IMO,3993,0.6339625131163906,0.01921082965795887,0.0205894954821663,0.0013786658242074291,0.017072392898646614
TRGP,COP,3950,0.6333256875020215,0.030633248028124498,0.021564682184497676,0.009068565843626822,0.02380517263003832
BKR,FANG,2296,0.6330909172429279,0.025216969272738986,0.032513742956569225,0.007296773683830238,0.02559099439932511
CVX,SLB,11250,0.6327610322378405,0.016864239744931748,0.022837641171496014,0.005973401426564266,0.017848191983489834
WDS,CNQ,4806,0.6326468488756801,0.02493510518267522,0.027642564826548824,0.0027074596438736026,0.022665867351085042
HAL,PSX,3611,0.6322831222747761,0.026920870037332952,0.021123561127816888,0.005797308909516064,0.021256151232269177
EOG,OXY,9288,0.6321827773534813,0.02424920941011204,0.023680354460597117,0.0005688549495149221,0.02056080910243133
E,CVE,4215,0.6314526150086014,0.018244762245741925,0.02927519107143669,0.011030428825694764,0.022701687347093137
TS,CVX,5958,0.6310346028262594,0.02520614781485461,0.017267259651577535,0.007938888163277074,0.01960111617450609
FTI,TS,5958,0.6310206150099492,0.027399173435886992,0.02520614781485461,0.002193025621032383,0.022681800350037612
BKR,CVE,2296,0.6306905360045825,0.025216969272738986,0.03405236320873477,0.008835393935995781,0.026689217609784453
CVX,DVN,8669,0.6305303125814526,0.01664859751612765,0.026190818633795864,0.009542221117668215,0.020328831815889205
TRGP,CNQ,3950,0.6297911355062025,0.030633248028124498,0.024743197041761672,0.005890050986362826,0.02441112550526329
PSX,BP,3611,0.6293774525908363,0.021123561127816888,0.01850612259131033,0.0026174385365065576,0.017222513397479218
FTI,FANG,3483,0.6290188193258308,0.027800109593041127,0.03016237940097745,0.002362269807936322,0.025054514724022026
FTI,SU,6334,0.6282970706192493,0.027381102081088595,0.024318372468167877,0.003062729612920718,0.02245857056291733
WDS,SU,4806,0.6275181817971406,0.02493510518267522,0.025577684851940247,0.0006425796692650261,0.021806822369380363
XOM,OXY,11250,0.6274707266637615,0.015665424254075792,0.022882932392799777,0.007217508138723985,0.017865446814171862
CVX,SHEL,9734,0.6270773441839155,0.016384543480670113,0.018724119062222072,0.0023395755815519594,0.015306489482131142
EOG,SLB,9288,0.6267493402190292,0.02424920941011204,0.02303953578518424,0.0012096736249277984,0.020457920877565917
XOM,SLB,11250,0.626662723346235,0.015665424254075792,0.022837641171496014,0.007172216917420222,0.017848584893151755
SU,PSX,3611,0.6263509641840755,0.021923297795437918,0.021123561127816888,0.0007997366676210302,0.018620201707173725
CVX,MPC,3813,0.6256148408791158,0.017207605510903105,0.024859320465776852,0.0076517149548737465,0.019464063204548798
EOG,TRGP,3950,0.6253844534765609,0.023562515630518265,0.030633248028124498,0.007070732397606232,0.024306121687472006
E,CVX,7733,0.6252073294198385,0.0185149362565788,0.017164618383285826,0.0013503178732929728,0.015493319220014163
EOG,TS,5958,0.6249209948025362,0.02442849071701414,0.02520614781485461,0.0007776570978404694,0.021506119038543308
KMI,COP,3904,0.6244923167435157,0.01801533455406325,0.02166623713371366,0.0036509025796504085,0.01750625016820798
HAL,DVN,8669,0.6238549111146113,0.02817351659205814,0.026190818633795864,0.001982697958262277,0.023643954452749572
SU,OXY,8236,0.6234258601385988,0.02294919083409766,0.02426872982095644,0.0013195389868587808,0.02052328907114518
CVX,OXY,11250,0.6226649593216027,0.016864239744931748,0.022882932392799777,0.006018692647868029,0.018095698501421793
TS,BP,5958,0.6223718809006964,0.02520614781485461,0.0187806473438998,0.0064255004709548105,0.019970381192011097
IMO,PSX,3611,0.6217043281392377,0.02075561679762674,0.021123561127816888,0.00036794433019014805,0.018216740864620665
TRGP,OXY,3950,0.621557011728015,0.030633248028124498,0.02745274395292693,0.0031805040751975676,0.025428950414144905
XOM,MPC,3813,0.6208258914419452,0.016130786714618404,0.024859320465776852,0.008728533751158448,0.019500903493042277
FTI,XOM,6334,0.620783262980869,0.027381102081088595,0.016426779568221337,0.010954322512867258,0.02147388911918523
XOM,SHEL,9734,0.6204565400556894,0.015573034663620963,0.018724119062222072,0.003151084398601109,0.01520764664809624
BKR,OKE,2296,0.6202150997199531,0.025216969272738986,0.02603661126345386,0.0008196419907148741,0.02234677433667044
BKR,PSX,2296,0.6200864136373231,0.025216969272738986,0.023172268641810035,0.0020447006309289514,0.021170119162489048
EQNR,TS,2078,0.6195656398115384,0.02308650389249311,0.02405887993409756,0.000972376041604453,0.020580548010838175
FTI,EQNR,2078,0.618846962872972,0.03214241396659993,0.02308650389249311,0.009055910074106818,0.02544962233400891
FTI,CVE,4215,0.6187763965226172,0.02713272612089332,0.02927519107143669,0.00214246495054337,0.024702509479696554
TS,XOM,5958,0.6181524111816448,0.02520614781485461,0.01624820222107168,0.008957945593782927,0.01982472325817748
BKR,OXY,2296,0.6175138192687825,0.025216969272738986,0.03310850528059004,0.007891536007851054,0.02647543820042344
PSX,DVN,3611,0.617049231785289,0.021123561127816888,0.029469890404859242,0.008346329277042354,0.023376095396559517
BKR,BP,2296,0.6162769676680442,0.025216969272738986,0.020462446001488485,0.004754523271250501,0.020459920091877155
SU,DVN,8236,0.6147710934333344,0.02294919083409766,0.026334107168932377,0.003384916334834717,0.021842186326063693
PBA,BP,3993,0.6146446072879667,0.01921082965795887,0.018446187240146166,0.000764642417812704,0.016543845034136456
SU,CVX,8236,0.6138586811993036,0.02294919083409766,0.016866868766359806,0.006082322067737855,0.01832840881609675
BKR,SHEL,2296,0.613738339001412,0.025216969272738986,0.01999675882367521,0.005220210449063775,0.020415714394175853
E,COP,7733,0.6131546397517881,0.0185149362565788,0.020440607084938694,0.0019256708283598954,0.017219655022681503
TS,DVN,5958,0.61279688645101,0.02520614781485461,0.02742637402290528,0.0022202262080506727,0.02324406764152723
EQNR,PSX,2078,0.6122755833638475,0.02308650389249311,0.02409544085977004,0.0010089369672769306,0.020793850886204703
COP,MPC,3813,0.6120968779387527,0.02179607692810239,0.024859320465776852,0.0030632435376744607,0.02073024240714456
WDS,E,4806,0.6116875053757436,0.02493510518267522,0.019809651857307275,0.005125453325367946,0.020245707024350825
TS,CVE,4215,0.611607235393827,0.022564234825257445,0.02927519107143669,0.006710956246179244,0.02362540849205243
FTI,BP,6334,0.6112730893190862,0.027381102081088595,0.018840085648332915,0.00854101643275568,0.02177172672597491
EQNR,OKE,2078,0.6100480031544165,0.02308650389249311,0.02705471651876956,0.003968212626276453,0.02242484836587709
XOM,DVN,8669,0.6100238114985815,0.015857173948762782,0.026190818633795864,0.010333644685033082,0.020753507661775805
TS,OXY,5958,0.6099980855801941,0.02520614781485461,0.02639242220512424,0.0011862743902696302,0.02281021272147989
WDS,CVX,4806,0.6099531595663918,0.02493510518267522,0.01828251880367164,0.0066525863790035805,0.019997082420950205
EOG,SU,8236,0.6098784632838412,0.024517455734403594,0.02294919083409766,0.0015682649003059337,0.021011133296203906
E,XOM,7733,0.6098595142239382,0.0185149362565788,0.016435200192516267,0.0020797360640625318,0.015548704585013534
FTI,SHEL,6334,0.6097423490609566,0.027381102081088595,0.018509366203724398,0.008871735877364197,0.02177792909052073
CVX,COP,11250,0.6086898727107247,0.016864239744931748,0.023569963883016513,0.0067057241380847656,0.01886928951718285
IMO,TS,5958,0.6082908679773432,0.021001764832436116,0.02520614781485461,0.004204382982418493,0.020794176448812585
WDS,SHEL,4806,0.6080374879701042,0.02493510518267522,0.019454234214956633,0.005480870967718588,0.02025627762766636
BKR,TRGP,2296,0.6079563276650052,0.025216969272738986,0.03308663946632524,0.007869670193586257,0.02676062190609038
KMI,BKR,2296,0.6075106655871908,0.017735962469690895,0.025216969272738986,0.007481006803048092,0.020175356023277632
BKR,SU,2296,0.6067635083440285,0.025216969272738986,0.023978856823330817,0.00123811244940817,0.02184245321435658
EOG,HAL,9288,0.6059815586989908,0.02424920941011204,0.027760979285420966,0.0035117698753089274,0.023298596842935584
PBA,CVE,3993,0.6056070061386404,0.01921082965795887,0.02960817258128544,0.010397342923326568,0.023595853131403933
SLB,OXY,11250,0.6050279859294659,0.022837641171496014,0.022882932392799777,4.5291221303762896e-05,0.02031798804013815
PSX,SHEL,3611,0.6050080027079664,0.021123561127816888,0.01821294154016348,0.0029106195876534083,0.017674729815724148
FTI,IMO,6334,0.6043763179676684,0.027381102081088595,0.02067336278665075,0.006707739294437846,0.022201054469447378
TRGP,SLB,3950,0.6041029399806962,0.030633248028124498,0.023109236310295843,0.007524011717828655,0.02484211130345674
PSX,OXY,3611,0.6039831754232758,0.021123561127816888,0.027864544684326198,0.00674098355650931,0.022619253042363265
EOG,CVX,9288,0.603953574616255,0.02424920941011204,0.0164852243571183,0.007763985052993739,0.019414465693469687
PBA,EQNR,2078,0.603821693056257,0.02229750713949944,0.02308650389249311,0.0007889967529936676,0.020211509269448546
HAL,PBA,3993,0.6031536866145671,0.027039274083481855,0.01921082965795887,0.007828444425522985,0.021761564914297222
KMI,TRP,3904,0.6029605443835727,0.01801533455406325,0.014917695165822179,0.0030976393882410722,0.014933248430701485
BKR,IMO,2296,0.6024890146136557,0.025216969272738986,0.023245661431047226,0.00197130784169176,0.021677548568087072
IMO,DVN,8669,0.6007909165429278,0.0192505379506833,0.026190818633795864,0.006940280683112563,0.021230163310422746
KMI,DVN,3904,0.6006103040720835,0.01801533455406325,0.028986289136096507,0.010970954582033256,0.02318367103575655
SU,BP,8236,0.599966018350454,0.02294919083409766,0.018143737246547845,0.0048054535875498156,0.018874002061837383
BKR,CNQ,2296,0.5994309084376073,0.025216969272738986,0.02619810148582825,0.0009811322130892641,0.02302659163063127
SU,SLB,8236,0.5979274503233472,0.02294919083409766,0.023669372418631703,0.000720181584534043,0.02091230752176136
FTI,E,6334,0.5968844485445489,0.027381102081088595,0.018573765215998725,0.00880733686508987,0.02208153673990726
E,FANG,3483,0.5958143941647018,0.01768982405564166,0.03016237940097745,0.012472555345335787,0.024225709245517184
WDS,COP,4806,0.5952313547864271,0.02493510518267522,0.02242031578645272,0.0025147893962225026,0.02142191312134959
HAL,MPC,3813,0.5950841568134884,0.027258873482354944,0.024859320465776852,0.0023995530165780918,0.02354845699801972
DVN,BP,8669,0.5943662354654843,0.026190818633795864,0.018042487721734973,0.00814833091206089,0.021207492980296404
BKR,E,2296,0.5929995776641265,0.025216969272738986,0.018329916991087224,0.006887052281651762,0.020583561201525637
EQNR,MPC,2078,0.5925803327492247,0.02308650389249311,0.026983568204419304,0.0038970643119261954,0.022864740723830677
TRGP,SHEL,3950,0.5925055330779017,0.030633248028124498,0.018098054249813957,0.012535193778310541,0.02467717018739304
TRGP,CVX,3950,0.5918055750467075,0.030633248028124498,0.017032103402995335,0.013601144625129163,0.0247172189734638
TRGP,SU,3950,0.5916193107718305,0.030633248028124498,0.022205253648518646,0.008427994379605851,0.025032133990171946
BKR,VLO,2296,0.5907683281781838,0.025216969272738986,0.026232958116700386,0.0010159888439613997,0.023290740306234545
EOG,XOM,9288,0.5906804653743324,0.02424920941011204,0.015641387348031742,0.008607822062080297,0.019611151390204605
TRGP,IMO,3950,0.5905188717833881,0.030633248028124498,0.020669160318117406,0.009964087710007091,0.024855986491513275
WDS,IMO,4806,0.5898209126635626,0.02493510518267522,0.021992711021874757,0.002942394160800464,0.021413415522182074
SLB,MPC,3813,0.5898078306765874,0.023302403338755183,0.024859320465776852,0.001556917127021669,0.021855383762080863
SU,MPC,3813,0.5896441463856544,0.022290486449778744,0.024859320465776852,0.002568834015998108,0.021479685464227547
E,OXY,7733,0.5891479153437177,0.0185149362565788,0.02475057931007184,0.006235643053493042,0.02038218868605289
KMI,SHEL,3904,0.5886001284886976,0.01801533455406325,0.018161642142614388,0.00014630758855113668,0.016408280134789836
COP,SHEL,9734,0.5883502368234153,0.01997628172218819,0.018724119062222072,0.0012521626599661176,0.017592994285722762
WDS,XOM,4806,0.5881217286852186,0.02493510518267522,0.017114164282527215,0.007820940900148007,0.020315015520329167
BKR,WMB,2296,0.5871798942004203,0.025216969272738986,0.01929940163671322,0.005917567636025765,0.02090057235937684
HAL,OXY,11250,0.5871253237002887,0.027021331180498372,0.022882932392799777,0.004138398787698595,0.02297193304250015
CNQ,PBR,6546,0.5871227562105948,0.026040034406536378,0.03114697753665296,0.005106943130116583,0.0263784800866463
COP,PBR,6546,0.5870865704128188,0.020958884962812303,0.03114697753665296,0.010188092573840658,0.02535551009423228
BKR,MPC,2296,0.5868501079938481,0.025216969272738986,0.02608926538808737,0.0008722961153483852,0.02333188989952895
TRGP,ENB,3950,0.5861558030440733,0.030633248028124498,0.015143202809089814,0.015490045219034684,0.024977872909256783
PBA,DVN,3993,0.5861078146316128,0.01921082965795887,0.028729390041231383,0.009518560383272513,0.02339807575365086
PSX,FANG,3483,0.5857801761558025,0.021112822163666622,0.03016237940097745,0.009049557237310827,0.02468715423169755
PSX,CNQ,3611,0.5852818552629874,0.021123561127816888,0.02471469653287073,0.0035911354050538434,0.021116670094707645
SU,SHEL,8236,0.5852301008676802,0.02294919083409766,0.018246596686753946,0.0047025941473437145,0.01922185545524442
IMO,COP,10103,0.584414085286295,0.018560479896286015,0.020407168966557445,0.0018466890702714296,0.01783901890850185
EQNR,PBR,2078,0.5840201710007352,0.02308650389249311,0.030335596946082306,0.007249093053589197,0.025203300786026932
KMI,HAL,3904,0.583389105690685,0.01801533455406325,0.027114136722273276,0.009098802168210025,0.022131250562326968
WDS,TS,4806,0.5819029279633747,0.02493510518267522,0.02558325112418926,0.0006481459415140396,0.02310510649160245
IMO,OXY,10103,0.5818839731517391,0.018560479896286015,0.023344487899011876,0.0047840080027258605,0.01962685540130172
CVX,PBR,6546,0.5817493086221992,0.017189047552184967,0.03114697753665296,0.013957929984467994,0.025351048759261148
WDS,HAL,4806,0.5815608422877441,0.02493510518267522,0.028400995193759868,0.0034658900110846463,0.024590127844661497
KMI,XOM,3904,0.5806544291869283,0.01801533455406325,0.016044455255297057,0.001970879298766194,0.015694103259785496
OKE,CNQ,6554,0.5798589090321917,0.02216938451230684,0.026035705977223836,0.003866321464916996,0.02235968694763581
WDS,BP,4806,0.5793220207239623,0.02493510518267522,0.020095396728780277,0.004839708453894944,0.021095262996642345
TRGP,EQNR,2078,0.5785388139501442,0.03430524705952729,0.02308650389249311,0.011218743167034181,0.028168152000685454
MPC,BP,3813,0.5776240933510498,0.024859320465776852,0.01862055313222536,0.006238767333551491,0.020735308415228575
KMI,BP,3904,0.5776149826843191,0.01801533455406325,0.018547388993552114,0.0005320544394888625,0.016809293856456648
SU,XOM,8236,0.5774347782160946,0.02294919083409766,0.016086222761288474,0.006862968072809186,0.01894976473860599
SU,PBR,6546,0.5769970112506626,0.024217561004097894,0.03114697753665296,0.006929416532555067,0.026194701015978792
XOM,BP,11755,0.5769374651949475,0.015604514606363067,0.01920569282702479,0.0036011782206617216,0.01632630921026068
PBA,SLB,3993,0.5769053863773823,0.01921082965795887,0.02305807796568904,0.0038472483077301688,0.01973913291288419
IMO,CVX,10103,0.576688906374473,0.018560479896286015,0.016675064198813296,0.0018854156974727199,0.016296686274879322
EOG,KMI,3904,0.576571981163985,0.023663780889837737,0.01801533455406325,0.005648446335774486,0.01982243503251905
EQNR,VLO,2078,0.5764431969427597,0.02308650389249311,0.027277657476105718,0.004191153583612609,0.023474069902071994
TS,FANG,3483,0.5761908702289522,0.02218726250580294,0.03016237940097745,0.007975116895174508,0.025116650150382964
HAL,XOM,11755,0.5758850952371392,0.026765469448197472,0.015604514606363067,0.011160954841834405,0.021882422318249047
WDS,OXY,4806,0.5757371291048585,0.02493510518267522,0.028311351656286718,0.0033762464736114967,0.024706534449053148
KMI,EQNR,2078,0.5757159556699618,0.018145788840703586,0.02308650389249311,0.004940715051789522,0.01949090059175066
DVN,SHEL,8669,0.5756617106640871,0.026190818633795864,0.0179268300916545,0.008263988542141363,0.021604692506185977
HAL,SU,8236,0.5742983686058172,0.028454214674255424,0.02294919083409766,0.005505023840157764,0.024213067587025246
WDS,SLB,4806,0.5740772012667509,0.02493510518267522,0.02494241250386563,7.307321190409138e-06,0.023017348561119838
EOG,PBA,3993,0.5736621244586446,0.023531930926749125,0.01921082965795887,0.004321101268790255,0.02010321532654572
FTI,PSX,3611,0.5727991511704404,0.027529939935238053,0.021123561127816888,0.006406378807421165,0.02319271920227258
TS,PBR,5958,0.5726955355068687,0.02520614781485461,0.03123427476889862,0.006028126954044012,0.026630213845730045
E,PSX,3611,0.5723301874211604,0.017769579259177666,0.021123561127816888,0.003353981868639222,0.018229282311604932
BKR,EQNR,2078,0.5723027647789867,0.025644760665363003,0.02308650389249311,0.002558256772869895,0.022649043011103775
PSX,OKE,3611,0.5721362639746793,0.021123561127816888,0.02467930661864782,0.0035557454908309305,0.02141837430434196
MPC,SHEL,3813,0.5721271240455955,0.024859320465776852,0.018239543009857664,0.006619777455919188,0.02078066302358034
SHEL,PBR,6546,0.5719365669953228,0.01843763104897809,0.03114697753665296,0.012709346487674873,0.02555740619242521
KMI,CNQ,3904,0.5717597562584936,0.01801533455406325,0.024822815629985843,0.006807481075922592,0.020720821540890715
EOG,MPC,3813,0.5717458781491624,0.023782972632466686,0.024859320465776852,0.0010763478333101657,0.022528884606728864
SU,E,7733,0.5712082494236711,0.02350449551658574,0.0185149362565788,0.004989559260006941,0.01995250667369749
TRGP,BP,3950,0.5703202178974172,0.030633248028124498,0.018489852289153556,0.012143395738970941,0.02518346587230417
XOM,COP,11250,0.5697637297382369,0.015665424254075792,0.023569963883016513,0.007904539628940721,0.019498641508235135
PSX,CVE,3611,0.5695214377769462,0.021123561127816888,0.03023603655761088,0.00911247542979399,0.025157986725854915
PBA,XOM,3993,0.5688058178145072,0.01921082965795887,0.0159312945222711,0.00327953513568777,0.016573841711071763
E,PBR,6546,0.5684818504086576,0.018574891978229542,0.03114697753665296,0.012572085558423419,0.025639198322454416
IMO,MPC,3813,0.5669219939496108,0.02080982833797885,0.024859320465776852,0.004049492127798003,0.021551720307731052
OKE,DVN,8669,0.5667686190439867,0.020963755477695998,0.026190818633795864,0.005227063156099866,0.022429008648864875
E,PBA,3993,0.5666032585531456,0.018165189828419036,0.01921082965795887,0.0010456398295398336,0.017423457444969294
CVX,BP,11755,0.5664378334239503,0.018261078138437425,0.01920569282702479,0.0009446146885873641,0.017464456607580277
E,IMO,7733,0.5659679659465557,0.0185149362565788,0.020117514595097495,0.001602578338518696,0.01805270027966744
IMO,BP,10103,0.5653856402734614,0.018560479896286015,0.01762058590216471,0.0009398939941213068,0.016886729628306705
PBA,FANG,3483,0.5653481827271927,0.01989766484255796,0.03016237940097745,0.010264714558419489,0.025041693846637892
SLB,BP,11250,0.5651985753868746,0.022837641171496014,0.01784193354533744,0.004995707626158575,0.01947542417516174
KMI,SU,3904,0.5645328770690885,0.01801533455406325,0.02226660727504586,0.004251272720982607,0.019168730098883972
KMI,SLB,3904,0.5638095733959284,0.01801533455406325,0.023192647839261508,0.005177313285198257,0.01978144657343343
EOG,BP,9288,0.5629415742427056,0.02424920941011204,0.01774151558952823,0.006507693820583808,0.020455088454074007
VLO,CNQ,6554,0.5626887258803809,0.02574426078350114,0.026035705977223836,0.0002914451937226954,0.02421400833242601
ENB,CVE,4215,0.562322252347777,0.014976002639653083,0.02927519107143669,0.014299188431783606,0.02425375887102544
BP,PBR,6546,0.5617457451146886,0.018763985130536138,0.03114697753665296,0.012382992406116823,0.02579934847949609
WDS,EOG,4806,0.5617242502310621,0.02493510518267522,0.025436682139290057,0.0005015769566148361,0.023584289154971315
WMB,EXE,1389,0.5617054520671285,0.014992625550179176,0.021747877395217764,0.006755251845038588,0.01820582665176818
WDS,DVN,4806,0.5615746101168728,0.02493510518267522,0.029175621483666165,0.004240516300990944,0.025610319350529053
E,SLB,7733,0.5607723322137554,0.0185149362565788,0.02419204408976285,0.00567710783318405,0.020632550303311414
FTI,TRGP,3950,0.5606932277737451,0.02718932860126955,0.030633248028124498,0.0034439194268549474,0.027270048751014034
MPC,DVN,3813,0.5593037436830244,0.024859320465776852,0.029227770013870943,0.004368449548094091,0.025680493139516158
EOG,IMO,9288,0.558494808768347,0.02424920941011204,0.018800009419638317,0.005449199990473722,0.020790509645861602
HAL,CVX,11755,0.558159809999366,0.026765469448197472,0.018261078138437425,0.008504391309760048,0.022455241857903055
OXY,BP,11250,0.556763895347221,0.022882932392799777,0.01784193354533744,0.005040998847462338,0.019680873545984773
MPC,OXY,3813,0.5564572453059258,0.024859320465776852,0.027753528411560754,0.002894207945783902,0.024907965924009543
E,DVN,7733,0.5557963693163992,0.0185149362565788,0.026729000095785972,0.008214063839207173,0.02251956756860783
ENB,CNQ,6554,0.5555065489604998,0.01524167046543488,0.026035705977223836,0.010794035511788955,0.021663005022598342
FTI,OKE,6334,0.5554910559079113,0.027381102081088595,0.022259269283349252,0.005121832797739343,0.02383431872818116
KMI,EXE,1389,0.5553925713307638,0.014312646155396541,0.021747877395217764,0.007435231239821222,0.01822274079718592
DVN,PBR,6546,0.5541236661511155,0.027338235148945376,0.03114697753665296,0.003808742387707585,0.027817924861145715
OXY,PBR,6546,0.5527142946727412,0.02580999647833304,0.03114697753665296,0.005336981058319919,0.02734286649144657
IMO,PBR,6546,0.5525397490064315,0.020558833898467414,0.03114697753665296,0.010588143638185547,0.026175697424725777
FTI,VLO,6334,0.5514712241069887,0.027381102081088595,0.025686018957284083,0.0016950831238045118,0.025175071112553963
EQNR,LNG,2078,0.5512341075393037,0.02308650389249311,0.021057103394823053,0.002029400497670055,0.020986662203196532
EOG,E,7733,0.5506673488957042,0.0248136364974958,0.0185149362565788,0.0062987002409170025,0.021273012063131338
MPC,CNQ,3813,0.5505653283873082,0.024859320465776852,0.024923243369929658,6.392290415280569e-05,0.02359917295517116
COP,OXY,11250,0.5503577588732872,0.023569963883016513,0.022882932392799777,0.0006870314902167364,0.022034087203304676
EOG,SHEL,9288,0.5501762078035538,0.02424920941011204,0.01758493009827798,0.006664279311834057,0.02068915002185512
KMI,FANG,3483,0.5492100205429756,0.01827335908710536,0.03016237940097745,0.011889020313872088,0.025264022196518247
XOM,PBR,6546,0.5483377598472299,0.016399859691266963,0.03114697753665296,0.014747117845385998,0.026055730745925
IMO,XOM,10103,0.5483078735134249,0.018560479896286015,0.015967749831342803,0.002592730064943212,0.016566756681885262
IMO,SLB,10103,0.5469533040099396,0.018560479896286015,0.02301014213622503,0.004449662239939013,0.020168619387292638
SLB,SHEL,9734,0.5466317328166579,0.022788256356197002,0.018724119062222072,0.00406413729397493,0.020085134967773345
KMI,IMO,3904,0.5465204665834021,0.01801533455406325,0.020722547311448233,0.0027072127573849816,0.0185988775284789
MPC,OKE,3813,0.5453775817349614,0.024859320465776852,0.02432212704565321,0.0005371934201236425,0.0234530742588408
WDS,FTI,4806,0.5453515359962522,0.02493510518267522,0.029076400676008907,0.004141295493333686,0.026007914454717757
PBA,WMB,3993,0.5453309078535252,0.01921082965795887,0.02334391385281731,0.0041330841948584406,0.02061262978402088
WDS,CVE,4215,0.5452625556560247,0.021087055725703453,0.02927519107143669,0.008188135345733236,0.02506969280925275
EQNR,WMB,2078,0.544748881998547,0.02308650389249311,0.01986270315099534,0.0032238007414977683,0.020686061411876448
FTI,MPC,3813,0.5443213280114283,0.027430406703331123,0.024859320465776852,0.0025710862375542716,0.02506124927854699
WDS,PBR,4806,0.5441540684677492,0.02493510518267522,0.03303827060237871,0.00810316541970349,0.028578395213587123
EQNR,ENB,2078,0.5439547215498722,0.02308650389249311,0.01566772607235601,0.0074187778201370985,0.019620226635851452
TRGP,TRP,3950,0.5438688306831747,0.030633248028124498,0.01485300802677995,0.015780240001344547,0.02576997436953813
TS,PSX,3611,0.5437551380370361,0.02216571540653601,0.021123561127816888,0.0010421542787191207,0.0206961583281017
PBA,OXY,3993,0.5437262383167003,0.01921082965795887,0.027351924102137132,0.008141094444178262,0.023361900473965025
BKR,PBA,2296,0.5435936537221413,0.025216969272738986,0.02159339461716825,0.0036235746555707375,0.022587054520936876
SLB,PBR,6546,0.5430928338644002,0.024034987906801385,0.03114697753665296,0.007111989629851576,0.027104935882911275
TRP,CNQ,6554,0.5429325414142471,0.014542696787480235,0.026035705977223836,0.011493009189743601,0.0218679581816625
CVE,PBR,4215,0.5423763333554907,0.02927519107143669,0.030570673889575736,0.0012954828181390467,0.02864943545456859
TRGP,EXE,1389,0.5417618246352129,0.020524029503304172,0.021747877395217764,0.0012238478919135917,0.020262545732309397
TRGP,XOM,3950,0.5416029910646968,0.030633248028124498,0.01598279549745255,0.014650452530671949,0.0257585449556731
EOG,PBR,6546,0.5415999052058237,0.02453874589732939,0.03114697753665296,0.006608231639323572,0.027283442438776798
E,MPC,3813,0.5398317779547351,0.018260276201753415,0.024859320465776852,0.006599044264023437,0.021478433910253635
TS,VLO,5958,0.5384829670160498,0.02520614781485461,0.025654131310300195,0.00044798349544558635,0.02443507976187246
WDS,BKR,2296,0.5378979423635029,0.022302818897621108,0.025216969272738986,0.0029141503751178785,0.02298419991434046
KMI,PSX,3611,0.5362743384739296,0.018118136348178576,0.021123561127816888,0.003005424779638312,0.01907842606217956
OXY,SHEL,9734,0.5361183543448027,0.023280188850353666,0.018724119062222072,0.004556069788131594,0.020619668866760824
COP,SLB,11250,0.5359333272958449,0.023569963883016513,0.022837641171496014,0.0007323227115204993,0.022363678598042266
IMO,SHEL,9734,0.5353941366042655,0.01850161069714651,0.018724119062222072,0.00022250836507556326,0.017943047332649925
FTI,KMI,3904,0.5347502393877176,0.027290248256957007,0.01801533455406325,0.009274913702893756,0.02331303403740941
HAL,E,7733,0.5342380279487793,0.029029315102669203,0.0185149362565788,0.010514378846090404,0.024722941778130166
KMI,OXY,3904,0.5337659200062037,0.01801533455406325,0.027585273371730303,0.009569938817667052,0.02355803842018038
COP,BP,11250,0.53315924227204,0.023569963883016513,0.01784193354533744,0.005728030337679074,0.02062655815184667
HAL,IMO,10103,0.53270075727582,0.027518847096298874,0.018560479896286015,0.008958367200012859,0.023613781502976817
TRGP,TS,3950,0.5314196251921641,0.030633248028124498,0.022592211520149553,0.008041036507974945,0.026706586265672606
EXE,CNQ,1389,0.5308993587982705,0.021747877395217764,0.020789809398257787,0.0009580679969599763,0.020618215364337455
TRP,ENB,9168,0.5303489674530875,0.01416359172915045,0.01612982298436939,0.0019662312552189403,0.01478023922480909
SU,VLO,8236,0.5298478377224688,0.02294919083409766,0.02500255387646843,0.002053363042370769,0.023318490412398554
DVN,EXE,1389,0.5294149987121604,0.026323889308823536,0.021747877395217764,0.004576011913605772,0.023659017150455746
TRGP,E,3950,0.528030124364289,0.030633248028124498,0.01819397326272755,0.012439274765396947,0.026092746222941755
EOG,EXE,1389,0.5277902728187615,0.021440071303623243,0.021747877395217764,0.0003078060915945209,0.020987017649270107
HAL,PBR,6546,0.5275232246218984,0.02875808095544993,0.03114697753665296,0.0023888965812030316,0.02919122335485634
KMI,CVE,3904,0.5272855941677194,0.01801533455406325,0.02985010196132823,0.011834767407264978,0.025465174531823054
WDS,PBA,3993,0.5265460531305954,0.02096861547246835,0.01921082965795887,0.0017577858145094785,0.019609373009243647
MPC,CVE,3813,0.5258865149735601,0.024859320465776852,0.030055757691870237,0.005196437226093385,0.027119838483112245
OKE,EXE,1389,0.5251266615811004,0.01796155589402096,0.021747877395217764,0.003786321501196805,0.019629867692089863
TS,OKE,5958,0.5242057062556884,0.02520614781485461,0.02232584004804557,0.0028803077668090385,0.023319544400833347
FTI,PBR,6334,0.5236416516545914,0.027381102081088595,0.03135276437262544,0.0039716622915368475,0.028873099807499275
FTI,PBA,3993,0.5229149696128966,0.027112224882632874,0.01921082965795887,0.007901395224674004,0.023651848402989246
PBA,PSX,3611,0.5225612848055188,0.01969865487202082,0.021123561127816888,0.0014249062557960684,0.01998400204987339
KMI,E,3904,0.5223445213270003,0.01801533455406325,0.018241622688797424,0.0002262881347341733,0.017719876674220085
WDS,OKE,4806,0.5208914896961331,0.02493510518267522,0.024100550993996953,0.0008345541886782687,0.024011180368047953
MPC,FANG,3483,0.5207353716415547,0.024522630401167103,0.03016237940097745,0.005639748999810346,0.027217519436824635
TRGP,PSX,3611,0.5201679639522739,0.031400171913137986,0.021123561127816888,0.010276610785321098,0.027242210384091504
E,OKE,7733,0.519235433681615,0.0185149362565788,0.02149702316246523,0.0029820869058864302,0.019788805790330596
HAL,BP,11755,0.5183630469126524,0.026765469448197472,0.01920569282702479,0.007559776621172683,0.023501501680229214
TRGP,MPC,3813,0.5180619077841013,0.030990760413519104,0.024859320465776852,0.006131439947742252,0.027931589266754292
TRP,CVE,4215,0.5171435162621468,0.014689278254321562,0.02927519107143669,0.014585912817115127,0.025060642026108755
WDS,ENB,4806,0.5157524168050343,0.02493510518267522,0.015827681444506605,0.009107423738168616,0.021567944192853423
HAL,COP,11250,0.5128027084293971,0.027021331180498372,0.023569963883016513,0.003451367297481859,0.025149470296303898
HAL,SHEL,9734,0.5125006319435709,0.027400626089506164,0.018724119062222072,0.008676507027284092,0.02398973522991246
FANG,EXE,1389,0.512327674683572,0.024635366038334293,0.021747877395217764,0.0028874886431165293,0.0230411586135667
KMI,MPC,3813,0.5109060623682817,0.018159811531418654,0.024859320465776852,0.006699508934358198,0.022056226247886914
TS,MPC,3813,0.5103688665769585,0.022789599759144876,0.024859320465776852,0.0020697207066319757,0.023644641620058575
PBA,MPC,3813,0.5103350452930223,0.01949658986210367,0.024859320465776852,0.0053627306036731805,0.02243685898836936
LNG,FANG,3483,0.5102022587094903,0.021543091604991314,0.03016237940097745,0.008619287795986134,0.026661289443345764
BKR,PBR,2296,0.508770174716681,0.025216969272738986,0.029745238238389506,0.00452826896565052,0.027521504859316315
PBA,PBR,3993,0.5084627588481588,0.01921082965795887,0.031044571738635236,0.011833742080676366,0.026950606451518432
VLO,CVE,4215,0.5082707094317145,0.024306341390752606,0.02927519107143669,0.004968849680684083,0.026916385939893962
VLO,DVN,8669,0.5082613465686207,0.024726742874394664,0.026190818633795864,0.0014640757594012004,0.025279573462469968
SU,OKE,8236,0.5082249386916043,0.02294919083409766,0.0210986254390446,0.0018505653950530616,0.021901050265077705
COP,EXE,1389,0.5072791738078207,0.020835164861179777,0.021747877395217764,0.000912712534037987,0.021150814823888853
VLO,FANG,3483,0.5072595536348751,0.02409734922812701,0.03016237940097745,0.006065030172850438,0.02744202997261495
OKE,OXY,10365,0.5056530813902157,0.021522727317470375,0.023255452562251606,0.001732725244781231,0.022312869194284247
BKR,ENB,2296,0.5056025178646357,0.025216969272738986,0.015536172818550728,0.009680796454188258,0.02193406386281539
BKR,LNG,2296,0.5054280054487881,0.025216969272738986,0.020657522029608587,0.004559447243130399,0.023152830133071317
BKR,TPL,2296,0.5035203656464832,0.025216969272738986,0.030343047338061417,0.005126078065322431,0.02803656692440761
KMI,TS,3904,0.5020399722908429,0.01801533455406325,0.022666346840036707,0.004651012285973456,0.020695596747233574
WDS,TRP,4806,0.5008116944641915,0.02493510518267522,0.015477852150512781,0.00945725303216244,0.02178887267685706
WDS,VLO,4806,0.5005173423847351,0.02493510518267522,0.026695623276466,0.0017605180937907798,0.02584702791230898
WDS,WMB,4806,0.5002831831413739,0.02493510518267522,0.02539994229950654,0.0004648371168313181,0.02516361655645293
PBA,TS,3993,0.4989356572860305,0.01921082965795887,0.022541155498144866,0.0033303258401859957,0.021096140940261916
EXE,CVE,1389,0.49858506746240916,0.021747877395217764,0.025500830052677004,0.00375295265745924,0.0238797611156871
OKE,PBR,6546,0.49760496684650674,0.022170989352827148,0.03114697753665296,0.008975988183825813,0.027828681177610892
TS,WMB,5958,0.4972742026191722,0.02520614781485461,0.025563300784751296,0.00035715296989668674,0.02545569964254794
WDS,FANG,3483,0.49477966791723055,0.02072048728626627,0.03016237940097745,0.009441892114711178,0.0268449943850528
CVX,OKE,10365,0.49463207592937775,0.016645263923319612,0.021522727317470375,0.004877463394150763,0.019644013315990746
EOG,VLO,9288,0.4932918417052616,0.02424920941011204,0.02458865059460244,0.0003394411844904015,0.0245839400437111
WMB,MPC,3813,0.4930109499644427,0.023614443582537187,0.024859320465776852,0.0012448768832396644,0.02442937635859478
PSX,ENB,3611,0.49296911775745134,0.021123561127816888,0.015318025327715637,0.0058055358001012514,0.019021710567826196
SU,EXE,1389,0.49285955686492067,0.020946015807850177,0.021747877395217764,0.0008018615873675861,0.02150999204081508
BKR,TRP,2296,0.4903111124639579,0.025216969272738986,0.016199578674986562,0.009017390597752424,0.022309942063567192
XOM,EXE,1389,0.48968489590516395,0.016971496168303603,0.021747877395217764,0.004776381226914161,0.019988054481038277
TRP,EQNR,2078,0.48822174301348137,0.016593048852004647,0.02308650389249311,0.006493455040488462,0.020839010733072358
FANG,TPL,3483,0.48760455505710126,0.03016237940097745,0.027624891663796426,0.0025374877371810226,0.02933134639829847
WDS,PSX,3611,0.48699560788493546,0.020690075250232497,0.021123561127816888,0.0004334858775843914,0.021180251845192337
TS,CCJ,5958,0.48568566156376997,0.02520614781485461,0.02760903628151245,0.0024028884666578397,0.026862883655955468
EQNR,TPL,2078,0.4854543323468712,0.02308650389249311,0.031292220519099564,0.008205716626606456,0.028474166370744267
TS,ENB,5958,0.4839549609171509,0.02520614781485461,0.015062068949614114,0.010144078865240495,0.022242803031791138
XOM,OKE,10365,0.48354862244014873,0.0159029049387804,0.021522727317470375,0.005619822378689975,0.019624424679316615
TRGP,PBR,3950,0.4828089981614098,0.030633248028124498,0.03114327081436083,0.0005100227862363318,0.03141784152058987
TTE,EQNR,2066,0.48273843663422455,0.02546179134396744,0.023105896469061235,0.0023558948749062038,0.02478262123930607
SU,TRP,8236,0.4823901838809033,0.02294919083409766,0.014521466400304286,0.008427724433793374,0.02039655836433889
EOG,OKE,9288,0.4820841040051604,0.02424920941011204,0.020767551472498678,0.003481657937613361,0.023103320517883833
TRP,TS,5958,0.4809197075672836,0.01464057854980474,0.02520614781485461,0.01056556926504987,0.022242894152314657
HAL,EXE,1389,0.4799280091015787,0.025358403271234623,0.021747877395217764,0.0036105258760168596,0.02422119742958993
WMB,CVE,4215,0.47932320464464884,0.02320438318418564,0.02927519107143669,0.006070807887251048,0.027281119502363244
FANG,ENB,3483,0.478836458953803,0.03016237940097745,0.015466663756726224,0.014695715644251225,0.026499462335777903
CNQ,CCJ,6554,0.4786702452133841,0.026035705977223836,0.027321248680546972,0.0012855427033231365,0.027263996793239268
WDS,MPC,3813,0.4774557185161517,0.021117973223532982,0.024859320465776852,0.00374134724224387,0.02372017427564791
OXY,EXE,1389,0.4772046686295071,0.025494157490200266,0.021747877395217764,0.003746280094982502,0.024367106655392535
IMO,EXE,1389,0.4766806003167781,0.020555762717085493,0.021747877395217764,0.0011921146781322702,0.02166367812344141
FANG,PBR,3483,0.47641304281358215,0.03016237940097745,0.032071557024039986,0.001909177623062537,0.03188468797269066
TRP,PSX,3611,0.4754631161810756,0.015061032498977929,0.021123561127816888,0.006062528628838959,0.019248619483956706
MPC,ENB,3813,0.4754551062792989,0.024859320465776852,0.015291414785006816,0.009567905680770036,0.02214361546253089
CVX,EXE,1389,0.4746281899007509,0.01591360615394695,0.021747877395217764,0.005834271241270814,0.01994210599825006
WDS,TRGP,3950,0.47207882507064086,0.020989396549084674,0.030633248028124498,0.009643851479039824,0.027782771762692005
E,VLO,7733,0.47148918188389594,0.0185149362565788,0.025460636155399386,0.006945699898820587,0.02337787242414757
PBA,EXE,1389,0.47142066087381024,0.013900632910065882,0.021747877395217764,0.007847244485151882,0.01952352693528484
EQT,CNQ,6554,0.46896179771679936,0.024559491628454656,0.026035705977223836,0.0014762143487691802,0.026101648152331496
IMO,OKE,10103,0.46868727941304056,0.018560479896286015,0.021681162563146766,0.0031206826668607503,0.020912979706105634
SU,ENB,8236,0.46723082050924913,0.02294919083409766,0.015273639739610472,0.007675551094487188,0.02079432881363742
EQT,DVN,8669,0.46590983849668227,0.02243677594234341,0.026190818633795864,0.0037540426914524534,0.025333686714133098
WDS,KMI,3904,0.46584052848363416,0.02107725753557468,0.01801533455406325,0.0030619229815114293,0.020372306372692835
IMO,VLO,10103,0.46555974803109046,0.018560479896286015,0.025434409446460342,0.006873929550174327,0.023491328312800406
LNG,EXE,1389,0.4629928996540901,0.0189316138194254,0.021747877395217764,0.0028162635757923646,0.021216198111622262
KMI,VLO,3904,0.46258850422016157,0.01801533455406325,0.02457587282358725,0.006560538269523998,0.022779608357138555
WMB,PSX,3611,0.4624966721288973,0.023507160878199023,0.021123561127816888,0.002383599750382135,0.023226739411618368
PSX,LNG,3611,0.46188802426874703,0.021123561127816888,0.022195908208960557,0.0010723470811436694,0.022488767343725985
WMB,FANG,3483,0.4616710850050654,0.023752146950952926,0.03016237940097745,0.006410232450024523,0.028503186624363287
OKE,SHEL,9734,0.4598986772928598,0.021235034077024057,0.018724119062222072,0.002510915014801985,0.020875851081220587
SLB,OKE,10365,0.4588625836698723,0.02288194675874424,0.021522727317470375,0.0013592194412738665,0.023126786288401535
SLB,VLO,11249,0.45680292468789896,0.022837828825118357,0.026299095314216293,0.003461266489097937,0.025777590259993335
EXE,SHEL,1389,0.45599792062388883,0.021747877395217764,0.01611691373353367,0.005630963661684092,0.020323942425728037
TRGP,TPL,3950,0.4553538557625054,0.030633248028124498,0.026657713377591395,0.003975534650533102,0.030088775426489134
HAL,OKE,10365,0.45488648693314604,0.027321100771171284,0.021522727317470375,0.005798373453700909,0.025975015837214115
ENB,PBR,6546,0.4536307998806077,0.015247410029397338,0.03114697753665296,0.015899567507255623,0.02778037880706476
TRP,IMO,9734,0.45325899533290887,0.014258820312041108,0.01850161069714651,0.0042427903851054004,0.017506399068440506
KMI,PBR,3904,0.4524104106305629,0.01801533455406325,0.03127356486779035,0.0132582303137271,0.028156859013816846
CVX,VLO,11249,0.45219097777865963,0.016862620139371367,0.026299095314216293,0.009436475174844926,0.023977543876874646
VLO,PBR,6546,0.45140704007829974,0.025750104991305218,0.03114697753665296,0.005396872545347743,0.030151467130436076
TRP,MPC,3813,0.4500801971090885,0.015024860427488471,0.024859320465776852,0.009834460038288381,0.022528100188485122
KMI,LNG,3904,0.44926364534144697,0.01801533455406325,0.028284770947411345,0.010269436393348094,0.025821063680012992
WMB,CNQ,6554,0.4488540071019567,0.0333913758313641,0.026035705977223836,0.007355669854140261,0.031818285715330116
TPL,CVE,4215,0.44835148864689317,0.026370017983090938,0.02927519107143669,0.0029051730883457513,0.029328677721526798
TRP,FANG,3483,0.448327355694513,0.015242353706615903,0.03016237940097745,0.014920025694361546,0.027016020610643267
TRGP,VLO,3950,0.4476672243979233,0.030633248028124498,0.024516869846750843,0.006116378181373654,0.029445688099913436
FTI,EQT,6334,0.4472359436897163,0.027381102081088595,0.02475109739253996,0.0026300046885486365,0.02749812632656106
VLO,OXY,11249,0.44679861650794167,0.026299095314216293,0.022883949419343793,0.0034151458948725004,0.026029338528619092
TRP,PBR,6546,0.4466720305939851,0.014513069713767522,0.03114697753665296,0.016633907822885437,0.027873602394275318
EXE,BP,1389,0.4459970554999913,0.021747877395217764,0.01835470023106016,0.003393177164157605,0.02130264667715413
XOM,VLO,11249,0.4454901536149519,0.01566566389338737,0.026299095314216293,0.010633431420828923,0.02387421158559372
MPC,LNG,3813,0.4449280054120249,0.024859320465776852,0.026256877162941457,0.001397556697164605,0.026955062009782305
PBA,VLO,3993,0.4448499281636169,0.01921082965795887,0.0244499618140087,0.00523913215604983,0.02342991638207441
OKE,BP,10365,0.44447095833528316,0.021522727317470375,0.017605671564874133,0.003917055752596241,0.02088893852594769
FTI,CCJ,6334,0.4429072649239229,0.027381102081088595,0.02731805191283605,6.305016825254584e-05,0.02886889136662555
EOG,EQT,9288,0.44233460977150146,0.02424920941011204,0.02190002261094331,0.0023491867991687274,0.024450445264562796
EQNR,EXE,1389,0.442209948482978,0.02151948060367053,0.021747877395217764,0.00022839679154723277,0.02285053672917505
TRP,E,7733,0.4414541662757226,0.014679355926410561,0.0185149362565788,0.003835580330168238,0.01784161003049491
E,ENB,7733,0.43933364665092645,0.0185149362565788,0.015302468576809024,0.0032124676797697753,0.01811134104899635
FTI,ENB,6334,0.43642206255353805,0.027381102081088595,0.015045545842413374,0.012335556238675221,0.024829683237121147
EXE,ENB,1389,0.43618889671061334,0.021747877395217764,0.01172758368146429,0.010020293713753474,0.019697877768601182
SU,CCJ,7659,0.43529795624784773,0.023605244154563356,0.02746681243891852,0.0038615682843551637,0.027334466573581392
PSX,TPL,3611,0.435091064182706,0.021123561127816888,0.02726117407616188,0.0061376129483449934,0.026235079389049364
EQT,CVX,9771,0.43468988948282433,0.021598614926175683,0.01644208473504325,0.005156530191132432,0.020690643550720235
EQT,SU,8236,0.4339872437849152,0.022845182408315283,0.02294919083409766,0.00010400842578237729,0.02436200729813366
WDS,CCJ,4806,0.4339830229000358,0.02493510518267522,0.028468799308801442,0.003533694126126221,0.028567232508670225
FTI,TRP,6334,0.4333654946339175,0.027381102081088595,0.014467949185276495,0.0129131528958121,0.024813146027211026
PSX,PBR,3611,0.433216851308802,0.021123561127816888,0.03180920106381691,0.010685639936000024,0.029594811229844087
SLB,EXE,1389,0.4330458997907034,0.023937915004125423,0.021747877395217764,0.0021900376089076593,0.024394826484748038
BKR,EXE,1389,0.4322403817638316,0.022163567280273043,0.021747877395217764,0.0004156898850552794,0.023398825671537865
TRGP,LNG,3950,0.42863092041605527,0.030633248028124498,0.028717903793497774,0.0019153442346267237,0.03176414972496674
HAL,VLO,11249,0.42852665099358644,0.02702245349835008,0.026299095314216293,0.0007233581841337849,0.028509238797110537
PSX,EXE,1389,0.42791808814406385,0.02093562309779471,0.021747877395217764,0.0008122542974230533,0.02283864452292186
EQT,TS,5958,0.4266189417963437,0.02520613823907131,0.02520614781485461,9.57578329824349e-09,0.02699249719912508
VLO,SHEL,9734,0.4251332803505598,0.024872640696158303,0.018724119062222072,0.0061485216339362304,0.023942769362480753
TPL,EXE,1389,0.42482098829679155,0.02960770897083967,0.021747877395217764,0.007859831575621905,0.028328396243780724
COP,OKE,10365,0.4245274941498055,0.023556786428878842,0.021522727317470375,0.002034059111408467,0.024241983370755966
FTI,EXE,1389,0.423277388162289,0.027350253896448053,0.021747877395217764,0.005602376501230289,0.02678558081478753
EQT,COP,9771,0.42118167911045684,0.021598614926175683,0.0200903001530385,0.001508314773137183,0.022463298524807676
FTI,WMB,6334,0.41982790824429406,0.027381102081088595,0.03358123091927243,0.0062001288381838375,0.03324707146484234
TS,EXE,1389,0.41967081962433594,0.021706778065164183,0.021747877395217764,4.109933005358099e-05,0.023407713459060973
VLO,BP,11249,0.4179418166825416,0.026299095314216293,0.017841871019204595,0.008457224295011698,0.02485472233490277
MPC,EXE,1389,0.4169469625258214,0.020842665598277174,0.021747877395217764,0.0009052117969405894,0.02300861418352976
KMI,EQT,3904,0.4159644916795866,0.01801533455406325,0.027331089638294132,0.009315755084230881,0.025727740067707797
MPC,PBR,3813,0.41590975311157824,0.024859320465776852,0.03153703437493417,0.006677713909157321,0.030990850348161406
EQT,XOM,9771,0.41590946198763235,0.021598614926175683,0.01563365392188665,0.005964961004289032,0.02073728379838644
IMO,ENB,9168,0.4147930270846698,0.01889287379054741,0.01612982298436939,0.0027630508061780197,0.019086772531462074
TRP,OKE,9734,0.41397548662064276,0.014258820312041108,0.021235034077024057,0.006976213764982949,0.020088509711277413
EQT,OXY,9771,0.41396894471104273,0.021598614926175683,0.023267285895514273,0.0016686709693385891,0.02432681446244546
WMB,DVN,8669,0.41261496763352074,0.030778786898109912,0.026190818633795864,0.004587968264314048,0.031113614493782416
EQT,SLB,9771,0.4093057242428113,0.021598614926175683,0.022813868093548472,0.0012152531673727887,0.0241578895901945
TRP,CVX,9734,0.4066191660811947,0.014258820312041108,0.016384543480670113,0.0021257231686290044,0.016786155518136635
IMO,CCJ,7659,0.40641700464179903,0.020197794522851274,0.02746681243891852,0.0072690179160672455,0.026672861697619364
E,EXE,1389,0.4042883816021148,0.015892741209527404,0.021747877395217764,0.005855136185690359,0.02112056506803537
EQT,IMO,9771,0.4035312594040314,0.021598614926175683,0.01851979786476667,0.0030788170614090143,0.0220602917497107
WDS,EQT,4806,0.40294955834766427,0.02493510518267522,0.02758197778164602,0.002646872598970798,0.02877950975022274
CCJ,PBR,6546,0.4024060488501657,0.02733501242166585,0.03114697753665296,0.0038119651149871106,0.032126588131447725
KMI,TPL,3904,0.4023074160608763,0.01801533455406325,0.02676151498035452,0.008746180426291269,0.025550185022925213
VLO,EXE,1389,0.4016121124351032,0.023344545715755106,0.021747877395217764,0.0015966683205373422,0.024701125698375997
TRP,EXE,1389,0.4013318711303374,0.013661839238368388,0.021747877395217764,0.008086038156849376,0.020521495518477786
OKE,ENB,9168,0.3985398558506002,0.02081788042641867,0.01612982298436939,0.0046880574420492815,0.02063746481265058
PBA,TPL,3993,0.3970694656524312,0.01921082965795887,0.026548691846187647,0.007337862188228777,0.02586233504220086
TRP,COP,9734,0.3961309531147193,0.014258820312041108,0.01997628172218819,0.005717461410147081,0.01940874348489444
PBA,LNG,3993,0.3941756501589795,0.01921082965795887,0.029451406355757315,0.010240576697798445,0.02811411073736301
TRP,BP,9734,0.39297999162110725,0.014258820312041108,0.017536323746678736,0.0032775034346376273,0.017728774463577655
EOG,WMB,9288,0.39210113090136767,0.02424920941011204,0.030111249052093163,0.005862039641981124,0.03036622114845364
WMB,OKE,10365,0.39208316130309273,0.029385714794376454,0.021522727317470375,0.007862987476906079,0.028823490819614276
COP,VLO,11249,0.3916055503019077,0.02357054465993688,0.026299095314216293,0.002728550654279415,0.02759914780460228
LNG,CVE,4215,0.3909621061335975,0.030584648966436843,0.02927519107143669,0.0013094578950001538,0.033050642277071336
EQT,HAL,9771,0.39079377240739377,0.021598614926175683,0.02742923001229755,0.005830615086121867,0.027492258499272396
SU,WMB,8236,0.3900432987102199,0.02294919083409766,0.03131383480836823,0.008364643974270572,0.030767355848202668
CVX,WMB,11250,0.38958810273581196,0.016864239744931748,0.028878428051235795,0.012014188306304047,0.027182668277830335
TTE,PBA,3981,0.38920456097886114,0.02129357010485232,0.0192319270153147,0.002061643089537619,0.022461341321496558
EQT,E,7733,0.3889753968963818,0.023376999994809144,0.0185149362565788,0.004862063738230345,0.023506838999731713
TRP,DVN,8669,0.38784070169787815,0.014336553822925356,0.026190818633795864,0.011854264810870508,0.024499758895807515
MPC,TPL,3813,0.3874630964906605,0.024859320465776852,0.02691739987520439,0.002058079409427538,0.02870525577238816
DVN,ENB,8669,0.38698458054220586,0.026190818633795864,0.01545578824084818,0.010735030392947684,0.024729291347022824
TRP,SHEL,9734,0.38685052683094423,0.014258820312041108,0.018724119062222072,0.004465298750180964,0.01863708415775537
E,WMB,7733,0.38597614013694964,0.0185149362565788,0.03198908019904292,0.013474143942464118,0.0301478934095351
EQT,BP,9771,0.38339393044948566,0.021598614926175683,0.017544162997254416,0.004054451928921267,0.021994071670668
WMB,PBR,6546,0.38333330873339294,0.03340120879443095,0.03114697753665296,0.0022542312577779923,0.035891167062426635
HAL,WMB,11250,0.3832300110135536,0.027021331180498372,0.028878428051235795,0.0018570968707374222,0.031080885790058417
WDS,EXE,1389,0.3828308191473357,0.021076956038044836,0.021747877395217764,0.0006709213571729281,0.023795902761164087
TRP,XOM,9734,0.3809365416949129,0.014258820312041108,0.015573034663620963,0.0013142143515798548,0.01663301184633814
CCJ,CVE,4215,0.38087762067333863,0.026711273734644377,0.02927519107143669,0.0025639173367923117,0.031222642250863516
WMB,SLB,11250,0.3801860560246351,0.028878428051235795,0.022837641171496014,0.00604078687973978,0.029224039977331383
COP,CCJ,7659,0.3777882691255878,0.02048122095429954,0.02746681243891852,0.00698559148461898,0.02736519145542224
CVX,ENB,9168,0.3762201013539607,0.016433354373898614,0.01612982298436939,0.0003035313895292241,0.018187335847213167
E,CCJ,7659,0.3749708307395145,0.018538885129759392,0.02746681243891852,0.008927927309159128,0.026762710869935525
EOG,CCJ,7659,0.3733534861176428,0.024865731370528218,0.02746681243891852,0.002601081068390302,0.029372481633360082
COP,ENB,9168,0.37287364989933647,0.01988917188823564,0.01612982298436939,0.0037593489038662484,0.020408528493034362
TRP,OXY,9734,0.3725914384628601,0.014258820312041108,0.023280188850353666,0.009021368538312558,0.022314102309450013
CVX,CCJ,7659,0.3725328230412401,0.01717919240852795,0.02746681243891852,0.01028762003039057,0.026419415365090956
WDS,TPL,4806,0.3724275867365494,0.02493510518267522,0.02813554911539923,0.00320044393272401,0.02984637090787011
OXY,CCJ,7659,0.3723324197034082,0.024817838714416965,0.02746681243891852,0.002648973724501555,0.029372393768189033
BKR,EQT,2296,0.3702812908914043,0.025216969272738986,0.03138826523638928,0.006171295963650295,0.032170653087234075
VLO,OKE,10365,0.36992013845563193,0.02554887337104014,0.021522727317470375,0.0040261460535697645,0.026629838315244552
SLB,CCJ,7659,0.3696144315754687,0.024270954284805774,0.02746681243891852,0.003195858154112746,0.02916678296027908
SHEL,CCJ,7659,0.3677772138435467,0.018757274608130117,0.02746681243891852,0.008709537830788403,0.026968530257185732
WMB,OXY,11250,0.36744187583513765,0.028878428051235795,0.022882932392799777,0.0059954956584360175,0.029529037072142036
XOM,WMB,11250,0.3665977548470446,0.015665424254075792,0.028878428051235795,0.013213003797160002,0.027343678140292337
IMO,WMB,10103,0.36651295992095706,0.018560479896286015,0.02959809333036558,0.011037613434079566,0.028598028311220082
TRP,SLB,9734,0.36615879980280025,0.014258820312041108,0.022788256356197002,0.008529436044155894,0.022015084645261935
SHEL,ENB,9168,0.3642127457331013,0.017631271448372902,0.01612982298436939,0.0015014484640035117,0.019075547591448857
TPL,CNQ,6554,0.36350992228534745,0.025370850432310375,0.026035705977223836,0.0006648555449134605,0.029005284543776953
DVN,CCJ,7659,0.36346636720969844,0.026794167735024868,0.02746681243891852,0.0006726447038936517,0.03061644636959721
EQT,OKE,9771,0.3627249438550309,0.021598614926175683,0.021511229706481054,8.73852196946294e-05,0.024334746568472124
EQT,PBR,6546,0.3618515450414525,0.024566710837968624,0.03114697753665296,0.006580266698684337,0.03193579865648866
FTI,TPL,6334,0.36014205093511287,0.027381102081088595,0.02570941102774959,0.0016716910533390063,0.030060823789012498
BP,CCJ,7659,0.36009146732059494,0.01854001699694628,0.02746681243891852,0.008926795441972241,0.027044695173559428
TPL,DVN,8669,0.35927345398214866,0.023314874002780067,0.026190818633795864,0.002875944631015797,0.02812066823514008
OXY,ENB,9168,0.35852031559804415,0.023736937472028093,0.01612982298436939,0.007607114487658703,0.023432417279541134
EQT,FANG,3483,0.3575912662899283,0.02785863053744057,0.03016237940097745,0.0023037488635368787,0.03293807827030894
WMB,BP,11250,0.3568176546335069,0.028878428051235795,0.01784193354533744,0.011036494505898355,0.028010707797256246
HAL,CCJ,7659,0.35626215306420217,0.02911455062880858,0.02746681243891852,0.0016477381898900613,0.03212924877631158
EQT,CVE,4215,0.3559295895536192,0.026758675452916613,0.02927519107143669,0.002516515618520076,0.03186561969799742
BKR,CCJ,2296,0.3551029575882944,0.025216969272738986,0.029462573302678926,0.0042456040299399395,0.03124558283679194
EQT,EQNR,2078,0.3550786939218655,0.03231969363137625,0.02308650389249311,0.009233189738883145,0.032367672504495036
ENB,BP,9168,0.35488669713519994,0.01612982298436939,0.017805161978076897,0.001675338993707507,0.019322325006439045
EOG,TRP,9288,0.3546652684007382,0.02424920941011204,0.014114088024770951,0.010135121385341088,0.023333653318093367
WMB,SHEL,9734,0.3537671087484907,0.0296498037256252,0.018724119062222072,0.010925684663403129,0.028929297126154004
TTE,FANG,3471,0.353710488293353,0.021768023259245525,0.03019031303990918,0.008422289780663655,0.030338037010459267
EQT,VLO,9771,0.3536044181755784,0.021598614926175683,0.02491476073996633,0.0033161458137906455,0.02658343832231311
TRGP,TTE,3938,0.35227381201534846,0.03065083786797742,0.02136018766783845,0.009290650200138969,0.030568918211983497
EQT,PSX,3611,0.3520696121420877,0.027563220620584628,0.021123561127816888,0.00643965949276774,0.028212809293141298
TTE,CVE,4197,0.35081775569020407,0.021178487238418395,0.029287057839379037,0.008108570600960641,0.02951383975430013
OXY,TPL,9733,0.3506576557674635,0.023281314741612304,0.022525353223092362,0.0007559615185199417,0.02610799670261955
XOM,ENB,9168,0.35062543252339706,0.01567122373611536,0.01612982298436939,0.00045859924825402895,0.01812458030641469
BKR,TTE,2284,0.34905960041895995,0.025248403330883237,0.024447061448792617,0.0008013418820906199,0.0283588984050105
XOM,CCJ,7659,0.34694176371068197,0.01645497847317486,0.02746681243891852,0.01101183396574366,0.02667546575766731
KMI,CCJ,3904,0.3467793723228621,0.01801533455406325,0.027173658202916402,0.009158323648853151,0.026896718521883668
COP,TPL,9733,0.3442199707693373,0.01997651548595523,0.022525353223092362,0.002548837737137131,0.02442682612028746
PBA,CCJ,3993,0.3433396268509507,0.01921082965795887,0.027059336738838993,0.007848507080880123,0.027281965088173925
TS,TPL,5958,0.34266642849209367,0.02520614781485461,0.026381033816083675,0.0011748860012290654,0.029590319226618242
HAL,TRP,9734,0.34250116037606876,0.027400626089506164,0.014258820312041108,0.013141805777465055,0.026200714616839555
TRP,CCJ,7659,0.3424957997473297,0.01471990210390395,0.02746681243891852,0.01274691033501457,0.026346786874484024
SLB,ENB,9168,0.3408171771230951,0.023089018660362365,0.01612982298436939,0.006959195675992975,0.02322538460493561
EQT,SHEL,9734,0.340740761967836,0.021598942359769016,0.018724119062222072,0.002874823297546944,0.023270182457158516
TRGP,CCJ,3950,0.3400419993961587,0.030633248028124498,0.027080300232500267,0.0035529477956242304,0.03328017017816261
EOG,ENB,9168,0.3374220485035481,0.024291202614614628,0.01612982298436939,0.008161379630245238,0.02420374268454586
EQT,WMB,9771,0.3335924936308556,0.021598614926175683,0.029644681641327112,0.008046066715151429,0.030300485172266318
SU,TPL,8236,0.33285968742158323,0.02294919083409766,0.023773967679972776,0.0008247768458751158,0.026993607659951905
COP,WMB,11250,0.33236584108957823,0.023569963883016513,0.028878428051235795,0.005308464168219281,0.03061124314211156
OKE,CCJ,7659,0.3308279491384977,0.021560581075137756,0.02746681243891852,0.005906231363780764,0.028765457237859126
TRGP,EQT,3950,0.3306417644558792,0.030633248028124498,0.027202149034529645,0.0034310989935948527,0.03357546317109625
WMB,VLO,11249,0.33041388746188294,0.028879682682476378,0.026299095314216293,0.0025805873682600844,0.03199646066502383
IMO,TPL,9733,0.3296759529887193,0.018502024432827762,0.022525353223092362,0.0040233287902646,0.023977528835363696
EQT,CCJ,7659,0.3277905007324465,0.02346106129893489,0.02746681243891852,0.004005751139983631,0.029705057003731196
OKE,TPL,9733,0.32741021763750905,0.02123562036212815,0.022525353223092362,0.0012897328609642114,0.02539914174703003
TTE,PSX,3599,0.32717620130062497,0.021600349954000383,0.021128480012965332,0.0004718699410350517,0.02478614047533105
ENB,CCJ,7659,0.3269962591238133,0.015341346474008784,0.02746681243891852,0.012125465964909736,0.02672460873961154
HAL,TPL,9733,0.32680923590934,0.027400825607833842,0.022525353223092362,0.0048754723847414805,0.029236531667577243
HAL,ENB,9168,0.32456834472909013,0.02783474563660731,0.01612982298436939,0.01170492265223792,0.027267226964334115
EOG,TPL,9288,0.3225217905070383,0.02424920941011204,0.023016632350246265,0.0012325770598657741,0.027527586777642058
EQT,MPC,3813,0.32145909231296765,0.027509172017370468,0.024859320465776852,0.002649851551593616,0.030578992211403623
CVX,TPL,9733,0.3211058357989079,0.016385242348488267,0.022525353223092362,0.006140110874604095,0.02321288555187546
FANG,CCJ,3483,0.32105486218555906,0.03016237940097745,0.027308210323079254,0.002854169077898195,0.03356507349618341
EQT,TRP,9734,0.32038602891059625,0.021598942359769016,0.014258820312041108,0.007340122047727908,0.021736747975758863
VLO,CCJ,7659,0.3199539952340258,0.025534590422874637,0.02746681243891852,0.0019322220160438823,0.030945745896815716
TS,LNG,5958,0.31935991405162156,0.02520614781485461,0.03877264332191501,0.013566495507060402,0.038915821139031484
LNG,CNQ,6554,0.3185595516982659,0.04161205945405892,0.026035705977223836,0.015576353476835086,0.041462839487910845
SLB,TPL,9733,0.31605457148390786,0.02278837326191395,0.022525353223092362,0.00026302003882158753,0.02649961617855379
TRP,WMB,9734,0.3155652371744272,0.014258820312041108,0.0296498037256252,0.015390983413584093,0.02855872922173766
KMI,TTE,3892,0.31376122390761696,0.018035103432015857,0.02142248842289579,0.003387384990879934,0.023275317497977926
WDS,LNG,4806,0.31288753891358195,0.02493510518267522,0.039092004165584525,0.014156898982909304,0.039242346011527325
TTE,SHEL,4718,0.3127207894965011,0.02468728899867461,0.019501607763799694,0.005185681234874916,0.026242355213047835
FTI,LNG,6334,0.31266779270472866,0.027381102081088595,0.0401475445548404,0.012766442473751808,0.04091611750191652
E,TPL,7733,0.30685392381563437,0.0185149362565788,0.024303278353360422,0.005788342096781623,0.025637859570508608
EQT,PBA,3993,0.3052663946588692,0.027098995638734708,0.01921082965795887,0.007888165980775838,0.028028052347438624
TRP,VLO,9734,0.30463387770551387,0.014258820312041108,0.024872640696158303,0.010613820384117194,0.02461468366591689
TTE,E,4718,0.30022687455247177,0.02468728899867461,0.019873448712402424,0.004813840286272186,0.026642459339773165
EXE,CCJ,1389,0.2973730801286072,0.021747877395217764,0.03133347227943392,0.009585594884216158,0.0323956001089737
TTE,MPC,3801,0.29679208586153066,0.021533609948120792,0.02487424842152593,0.003340638473405138,0.02764926218253882
TPL,PBR,6546,0.2966491262574556,0.0253840752909408,0.03114697753665296,0.005762902245712159,0.03384378532817444
XOM,TPL,9733,0.29633981816175015,0.015572527389384368,0.022525353223092362,0.006952825833707994,0.023280827991544954
EQNR,CCJ,2078,0.29515216405085926,0.02308650389249311,0.030111948172067794,0.007025444279574685,0.0320834622957153
TTE,BP,4718,0.29494706364901385,0.02468728899867461,0.02016199854791635,0.004525290450758258,0.02687659801855081
EXE,PBR,1389,0.2935273786672808,0.021747877395217764,0.024869095760481148,0.003121218365263384,0.027819660366529737
MPC,CCJ,3813,0.29328693657878974,0.024859320465776852,0.02713699304893369,0.0022776725831568367,0.03096280419592477
WMB,ENB,9168,0.292459404795514,0.030223988298983567,0.01612982298436939,0.014094165314614177,0.02980785641696978
PSX,CCJ,3611,0.2921869961294443,0.021123561127816888,0.02708486127496479,0.005961300147147901,0.029076750148317523
EQT,ENB,9168,0.2902075781025189,0.022004104779631124,0.01612982298436939,0.0058742817952617335,0.023202360348555204
TPL,BP,9733,0.2893151282872649,0.022525353223092362,0.017536498009063893,0.004988855214028469,0.024214710397343745
VLO,ENB,9168,0.2795297122585967,0.02460972069585116,0.01612982298436939,0.00847989771148177,0.025375000660388156
TPL,SHEL,9733,0.27890225133995805,0.022525353223092362,0.01872431788278167,0.0038010353403106906,0.02495446588256571
TTE,SU,4718,0.27567316203290526,0.02468728899867461,0.025569177820202207,0.0008818888215275968,0.030252549018873663
LNG,PBR,6546,0.2750418575385336,0.04132390113712838,0.03114697753665296,0.01017692360047542,0.04438218361815388
WMB,CCJ,7659,0.2727703942455506,0.032116002235230014,0.02746681243891852,0.004649189796311494,0.036119643523026386
VLO,TPL,9733,0.26645284430950844,0.024873917541944696,0.022525353223092362,0.0023485643188523343,0.02876663987599388
EQT,TPL,9733,0.26064450273908896,0.02159992756053609,0.022525353223092362,0.0009254256625562708,0.026838728156970956
HAL,TTE,4718,0.2602781868413459,0.02849719429161205,0.02468728899867461,0.0038099052929374405,0.03248586302453071
TTE,OKE,4718,0.2585575242934062,0.02468728899867461,0.024259329366498796,0.00042795963217581376,0.02980400324431421
TTE,IMO,4718,0.2584054777821004,0.02468728899867461,0.022009610377294472,0.0026776786213801376,0.02851441776233755
TTE,COP,4718,0.25714769099633755,0.02468728899867461,0.022501596581147726,0.002185692417526884,0.028811304107674747
TTE,CNQ,4718,0.25057203220647756,0.02468728899867461,0.02763398094685983,0.002946691948185219,0.03211253048556758
FTI,TTE,4718,0.24937403221073404,0.029067603548679842,0.02468728899867461,0.004380314550005232,0.03311323057175408
TTE,CVX,4718,0.24825133516391398,0.02468728899867461,0.018327341145895352,0.006359947852779258,0.02684603998635577
TRP,TPL,9733,0.24750756756428438,0.014253176217700869,0.022525353223092362,0.008272177005391493,0.023486508586491116
TTE,DVN,4718,0.245882397641401,0.02468728899867461,0.029235968630943132,0.004548679632268522,0.033305697884581785
EOG,TTE,4718,0.2400531029668164,0.02540635221566822,0.02468728899867461,0.0007190632169936095,0.03088390610953147
TPL,CCJ,7659,0.23566380301231618,0.02423825080099384,0.02746681243891852,0.0032285616379246797,0.032064519603895975
TTE,XOM,4718,0.23480508647513287,0.02468728899867461,0.01712552122077678,0.00756176777789783,0.026536817108509733
TTE,SLB,4718,0.2262059841509628,0.02468728899867461,0.024967624839843314,0.00028033584116870375,0.03088665562257289
WMB,TPL,9733,0.2195822506223943,0.029651289087620436,0.022525353223092362,0.007125935864528074,0.03306463340667428
TPL,ENB,9168,0.2176941683436744,0.02297824354465783,0.01612982298436939,0.0068484205602884415,0.025035988284049772
WDS,TTE,4716,0.21681636167694174,0.024899588984439235,0.024692523690222134,0.0002070652942171014,0.031033824289028848
TTE,TS,4718,0.21076417152744675,0.02468728899867461,0.02557682272990958,0.0008895337312349698,0.03158280631848702
TTE,ENB,4718,0.20800078008275638,0.02468728899867461,0.015867304112742193,0.008819984885932417,0.02642493417779004
TTE,OXY,4718,0.20587411367088318,0.02468728899867461,0.02838867340573804,0.00370138440706343,0.03356798536638971
TTE,PBR,4718,0.20565524219009917,0.02468728899867461,0.0331746224130583,0.008487333414383687,0.0370561469059335
TTE,EXE,1389,0.20522332032686524,0.02291081220673317,0.021747877395217764,0.0011629348115154078,0.028166748374709793
SU,LNG,8151,0.20366366731357022,0.02302794745170259,0.05702007468522824,0.033992127233525654,0.056980101545043654
E,LNG,7733,0.2014165271862273,0.0185149362565788,0.05177851509245957,0.03326357883588077,0.051357873264359165
TTE,TRP,4718,0.19991048309416776,0.02468728899867461,0.015527612510306873,0.009159676488367737,0.026406509713300656
EOG,LNG,8151,0.1984804630287307,0.02454779564605755,0.05702007468522824,0.03247227903917069,0.05743039417975179
TTE,VLO,4718,0.19405470075320505,0.02468728899867461,0.026672694495658202,0.0019854054969835923,0.03263945377443442
LNG,DVN,8151,0.19323592111381535,0.05702007468522824,0.026396740057357156,0.030623334627871084,0.05802052217682121
IMO,LNG,8151,0.19258387856218975,0.019697678628751165,0.05702007468522824,0.037322396056477074,0.05662756613029429
LNG,OXY,8151,0.1903326251245738,0.05702007468522824,0.024348847175736894,0.03267122750949135,0.05758168014448131
VLO,LNG,8151,0.1900640285093945,0.025052286544942563,0.05702007468522824,0.031967788140285676,0.05775724557142398
HAL,LNG,8151,0.1887009295180366,0.02852369559845602,0.05702007468522824,0.02849637908677222,0.05874585064767475
COP,LNG,8151,0.18852388504387915,0.020173078733923766,0.05702007468522824,0.03684699595130447,0.05678499020222366
CVX,LNG,8151,0.1883938548047551,0.016920439765591065,0.05702007468522824,0.040099634919637174,0.05633882880473021
SLB,LNG,8151,0.18715151555821188,0.023757952817036656,0.05702007468522824,0.03326212186819158,0.057521025005162
TTE,WMB,4718,0.187131933406696,0.02468728899867461,0.02549376492720495,0.0008064759285303404,0.03199754852223657
TTE,TPL,4718,0.18263767232639233,0.02468728899867461,0.028126524736265784,0.0034392357375911745,0.03386632916501334
LNG,BP,8151,0.18168361167405375,0.05702007468522824,0.018170432048322884,0.03884964263690535,0.056612509447347255
OKE,LNG,8151,0.17679934108317005,0.02114134219577181,0.05702007468522824,0.03587873248945643,0.05720130073223445
XOM,LNG,8151,0.17394827638104393,0.016147599437199466,0.05702007468522824,0.04087247524802877,0.056495243543280324
EQT,LNG,8151,0.17182518589587462,0.022930175345022195,0.05702007468522824,0.034089899340206044,0.05768679019995522
LNG,ENB,8151,0.16508034486826076,0.05702007468522824,0.015239869210544474,0.041780205474683765,0.05653883617611494
WMB,LNG,8151,0.16419958790872885,0.03139291241250449,0.05702007468522824,0.02562716227272375,0.0604066282346425
LNG,SHEL,8151,0.15869721130206782,0.05702007468522824,0.018314194216930313,0.038705880468297926,0.057054807156721885
LNG,CCJ,7659,0.15649284375629924,0.05139736067227946,0.02746681243891852,0.023930548233360938,0.054353158083009695
TTE,LNG,4718,0.15643338871637555,0.02468728899867461,0.036763374374066925,0.012076085375392315,0.04095184715906329
TRP,LNG,8151,0.1553834745211921,0.014530930189398824,0.05702007468522824,0.04248914449582941,0.056612272745275805
TTE,CCJ,4718,0.13062857102058095,0.02468728899867461,0.028513879554510776,0.0038265905558361665,0.03519370291348853
LNG,TPL,8151,0.12809445537016834,0.05702007468522824,0.023871397528368355,0.03314867715685989,0.0589272542269631
EQT,TTE,4718,0.09632483396325042,0.027678855972394164,0.02468728899867461,0.002991566973719554,0.035269543825143
