date,ticker_1,ticker_2,window,rolling_correlation
2018-05-17,TTE,EQNR,252,
2018-05-18,TTE,EQNR,252,
2018-05-21,TTE,EQNR,252,
2018-05-22,TTE,EQNR,252,
2018-05-23,TTE,EQNR,252,
2018-05-24,TTE,EQNR,252,
2018-05-25,TTE,EQNR,252,
2018-05-29,TTE,EQNR,252,
2018-05-30,TTE,EQNR,252,
2018-05-31,TTE,EQNR,252,
2018-06-01,TTE,EQNR,252,
2018-06-04,TTE,EQNR,252,
2018-06-05,TTE,EQNR,252,
2018-06-06,TTE,EQNR,252,
2018-06-07,TTE,EQNR,252,
2018-06-08,TTE,EQNR,252,
2018-06-11,TTE,EQNR,252,
2018-06-12,TTE,EQNR,252,
2018-06-13,TTE,EQNR,252,
2018-06-14,TTE,EQNR,252,
2018-06-15,TTE,EQNR,252,
2018-06-18,TTE,EQNR,252,
2018-06-19,TTE,EQNR,252,
2018-06-20,TTE,EQNR,252,
2018-06-21,TTE,EQNR,252,
2018-06-22,TTE,EQNR,252,
2018-06-25,TTE,EQNR,252,
2018-06-26,TTE,EQNR,252,
2018-06-27,TTE,EQNR,252,
2018-06-28,TTE,EQNR,252,
2018-06-29,TTE,EQNR,252,
2018-07-02,TTE,EQNR,252,
2018-07-03,TTE,EQNR,252,
2018-07-05,TTE,EQNR,252,
2018-07-06,TTE,EQNR,252,
2018-07-09,TTE,EQNR,252,
2018-07-10,TTE,EQNR,252,
2018-07-11,TTE,EQNR,252,
2018-07-12,TTE,EQNR,252,
2018-07-13,TTE,EQNR,252,
2018-07-16,TTE,EQNR,252,
2018-07-17,TTE,EQNR,252,
2018-07-18,TTE,EQNR,252,
2018-07-19,TTE,EQNR,252,
2018-07-20,TTE,EQNR,252,
2018-07-23,TTE,EQNR,252,
2018-07-24,TTE,EQNR,252,
2018-07-25,TTE,EQNR,252,
2018-07-26,TTE,EQNR,252,
2018-07-27,TTE,EQNR,252,
2018-07-30,TTE,EQNR,252,
2018-07-31,TTE,EQNR,252,
2018-08-01,TTE,EQNR,252,
2018-08-02,TTE,EQNR,252,
2018-08-03,TTE,EQNR,252,
2018-08-06,TTE,EQNR,252,
2018-08-07,TTE,EQNR,252,
2018-08-08,TTE,EQNR,252,
2018-08-09,TTE,EQNR,252,
2018-08-10,TTE,EQNR,252,
2018-08-13,TTE,EQNR,252,
2018-08-14,TTE,EQNR,252,
2018-08-15,TTE,EQNR,252,
2018-08-16,TTE,EQNR,252,
2018-08-17,TTE,EQNR,252,
2018-08-20,TTE,EQNR,252,
2018-08-21,TTE,EQNR,252,
2018-08-22,TTE,EQNR,252,
2018-08-23,TTE,EQNR,252,
2018-08-24,TTE,EQNR,252,
2018-08-27,TTE,EQNR,252,
2018-08-28,TTE,EQNR,252,
2018-08-29,TTE,EQNR,252,
2018-08-30,TTE,EQNR,252,
2018-08-31,TTE,EQNR,252,
2018-09-04,TTE,EQNR,252,
2018-09-05,TTE,EQNR,252,
2018-09-06,TTE,EQNR,252,
2018-09-07,TTE,EQNR,252,
2018-09-10,TTE,EQNR,252,
2018-09-11,TTE,EQNR,252,
2018-09-12,TTE,EQNR,252,
2018-09-13,TTE,EQNR,252,
2018-09-14,TTE,EQNR,252,
2018-09-17,TTE,EQNR,252,
2018-09-18,TTE,EQNR,252,
2018-09-19,TTE,EQNR,252,
2018-09-20,TTE,EQNR,252,
2018-09-21,TTE,EQNR,252,
2018-09-24,TTE,EQNR,252,
2018-09-25,TTE,EQNR,252,
2018-09-26,TTE,EQNR,252,
2018-09-27,TTE,EQNR,252,
2018-09-28,TTE,EQNR,252,
2018-10-01,TTE,EQNR,252,
2018-10-02,TTE,EQNR,252,
2018-10-03,TTE,EQNR,252,
2018-10-04,TTE,EQNR,252,
2018-10-05,TTE,EQNR,252,
2018-10-08,TTE,EQNR,252,
2018-10-09,TTE,EQNR,252,
2018-10-10,TTE,EQNR,252,
2018-10-11,TTE,EQNR,252,
2018-10-12,TTE,EQNR,252,
2018-10-15,TTE,EQNR,252,
2018-10-16,TTE,EQNR,252,
2018-10-17,TTE,EQNR,252,
2018-10-18,TTE,EQNR,252,
2018-10-19,TTE,EQNR,252,
2018-10-22,TTE,EQNR,252,
2018-10-23,TTE,EQNR,252,
2018-10-24,TTE,EQNR,252,
2018-10-25,TTE,EQNR,252,
2018-10-26,TTE,EQNR,252,
2018-10-29,TTE,EQNR,252,
2018-10-30,TTE,EQNR,252,
2018-10-31,TTE,EQNR,252,
2018-11-01,TTE,EQNR,252,
2018-11-02,TTE,EQNR,252,
2018-11-05,TTE,EQNR,252,
2018-11-06,TTE,EQNR,252,
2018-11-07,TTE,EQNR,252,
2018-11-08,TTE,EQNR,252,
2018-11-09,TTE,EQNR,252,
2018-11-12,TTE,EQNR,252,
2018-11-13,TTE,EQNR,252,
2018-11-14,TTE,EQNR,252,
2018-11-15,TTE,EQNR,252,
2018-11-16,TTE,EQNR,252,
2018-11-19,TTE,EQNR,252,
2018-11-20,TTE,EQNR,252,
2018-11-21,TTE,EQNR,252,
2018-11-23,TTE,EQNR,252,
2018-11-26,TTE,EQNR,252,
2018-11-27,TTE,EQNR,252,
2018-11-28,TTE,EQNR,252,
2018-11-29,TTE,EQNR,252,
2018-11-30,TTE,EQNR,252,
2018-12-03,TTE,EQNR,252,
2018-12-04,TTE,EQNR,252,
2018-12-10,TTE,EQNR,252,
2018-12-11,TTE,EQNR,252,
2018-12-12,TTE,EQNR,252,
2018-12-13,TTE,EQNR,252,
2018-12-14,TTE,EQNR,252,
2018-12-17,TTE,EQNR,252,
2018-12-18,TTE,EQNR,252,
2018-12-19,TTE,EQNR,252,
2018-12-20,TTE,EQNR,252,
2018-12-21,TTE,EQNR,252,
2018-12-24,TTE,EQNR,252,
2018-12-26,TTE,EQNR,252,
2018-12-27,TTE,EQNR,252,
2018-12-28,TTE,EQNR,252,
2018-12-31,TTE,EQNR,252,
2019-01-02,TTE,EQNR,252,
2019-01-03,TTE,EQNR,252,
2019-01-04,TTE,EQNR,252,
2019-01-07,TTE,EQNR,252,
2019-01-08,TTE,EQNR,252,
2019-01-09,TTE,EQNR,252,
2019-01-10,TTE,EQNR,252,
2019-01-11,TTE,EQNR,252,
2019-01-14,TTE,EQNR,252,
2019-01-15,TTE,EQNR,252,
2019-01-16,TTE,EQNR,252,
2019-01-17,TTE,EQNR,252,
2019-01-18,TTE,EQNR,252,
2019-01-22,TTE,EQNR,252,
2019-01-23,TTE,EQNR,252,
2019-01-24,TTE,EQNR,252,
2019-01-25,TTE,EQNR,252,
2019-01-28,TTE,EQNR,252,
2019-01-29,TTE,EQNR,252,
2019-01-30,TTE,EQNR,252,
2019-01-31,TTE,EQNR,252,
2019-02-01,TTE,EQNR,252,
2019-02-04,TTE,EQNR,252,
2019-02-05,TTE,EQNR,252,
2019-02-06,TTE,EQNR,252,
2019-02-07,TTE,EQNR,252,
2019-02-08,TTE,EQNR,252,
2019-02-11,TTE,EQNR,252,
2019-02-12,TTE,EQNR,252,
2019-02-13,TTE,EQNR,252,
2019-02-14,TTE,EQNR,252,
2019-02-15,TTE,EQNR,252,
2019-02-19,TTE,EQNR,252,
2019-02-20,TTE,EQNR,252,
2019-02-21,TTE,EQNR,252,
2019-02-22,TTE,EQNR,252,
2019-02-25,TTE,EQNR,252,
2019-02-26,TTE,EQNR,252,
2019-02-27,TTE,EQNR,252,
2019-02-28,TTE,EQNR,252,
2019-03-01,TTE,EQNR,252,
2019-03-04,TTE,EQNR,252,
2019-03-05,TTE,EQNR,252,
2019-03-06,TTE,EQNR,252,
2019-03-07,TTE,EQNR,252,
2019-03-08,TTE,EQNR,252,
2019-03-11,TTE,EQNR,252,
2019-03-12,TTE,EQNR,252,
2019-03-13,TTE,EQNR,252,
2019-03-14,TTE,EQNR,252,
2019-03-19,TTE,EQNR,252,
2019-03-20,TTE,EQNR,252,
2019-03-21,TTE,EQNR,252,
2019-03-22,TTE,EQNR,252,
2019-03-25,TTE,EQNR,252,
2019-03-26,TTE,EQNR,252,
2019-03-27,TTE,EQNR,252,
2019-03-28,TTE,EQNR,252,
2019-03-29,TTE,EQNR,252,
2019-04-01,TTE,EQNR,252,
2019-04-02,TTE,EQNR,252,
2019-04-03,TTE,EQNR,252,
2019-04-04,TTE,EQNR,252,
2019-04-05,TTE,EQNR,252,
2019-04-08,TTE,EQNR,252,
2019-04-09,TTE,EQNR,252,
2019-04-10,TTE,EQNR,252,
2019-04-11,TTE,EQNR,252,
2019-04-12,TTE,EQNR,252,
2019-04-15,TTE,EQNR,252,
2019-04-18,TTE,EQNR,252,
2019-04-22,TTE,EQNR,252,
2019-04-23,TTE,EQNR,252,
2019-04-24,TTE,EQNR,252,
2019-04-25,TTE,EQNR,252,
2019-04-26,TTE,EQNR,252,
2019-04-29,TTE,EQNR,252,
2019-04-30,TTE,EQNR,252,
2019-05-01,TTE,EQNR,252,
2019-05-02,TTE,EQNR,252,
2019-05-03,TTE,EQNR,252,
2019-05-06,TTE,EQNR,252,
2019-05-07,TTE,EQNR,252,
2019-05-08,TTE,EQNR,252,
2019-05-09,TTE,EQNR,252,
2019-05-10,TTE,EQNR,252,
2019-05-13,TTE,EQNR,252,
2019-05-14,TTE,EQNR,252,
2019-05-15,TTE,EQNR,252,
2019-05-16,TTE,EQNR,252,
2019-05-17,TTE,EQNR,252,
2019-05-20,TTE,EQNR,252,
2019-05-21,TTE,EQNR,252,
2019-05-22,TTE,EQNR,252,
2019-05-23,TTE,EQNR,252,
2019-05-24,TTE,EQNR,252,
2019-05-28,TTE,EQNR,252,0.395090019010029
2019-05-29,TTE,EQNR,252,0.3943829814665332
2019-05-30,TTE,EQNR,252,0.39399783579296277
2019-05-31,TTE,EQNR,252,0.3941903226514294
2019-06-03,TTE,EQNR,252,0.3885063744272563
2019-06-06,TTE,EQNR,252,0.39232443202001777
2019-06-07,TTE,EQNR,252,0.3900198513199967
2019-06-10,TTE,EQNR,252,0.3824971329348026
2019-06-11,TTE,EQNR,252,0.3825064046301247
2019-06-12,TTE,EQNR,252,0.3789321107136741
2019-06-13,TTE,EQNR,252,0.37740686596153333
2019-06-14,TTE,EQNR,252,0.3776556354374274
2019-06-17,TTE,EQNR,252,0.3763399840421001
2019-06-18,TTE,EQNR,252,0.3756865328633896
2019-06-19,TTE,EQNR,252,0.37132642941472344
2019-06-20,TTE,EQNR,252,0.36705678015337667
2019-06-21,TTE,EQNR,252,0.36669511291024814
2019-06-24,TTE,EQNR,252,0.3600091946941588
2019-06-25,TTE,EQNR,252,0.35595681553166497
2019-06-26,TTE,EQNR,252,0.3549626597290752
2019-06-27,TTE,EQNR,252,0.3544359495507094
2019-06-28,TTE,EQNR,252,0.3526862516472402
2019-07-01,TTE,EQNR,252,0.35252462920044114
2019-07-02,TTE,EQNR,252,0.3521726402171685
2019-07-03,TTE,EQNR,252,0.3521688497821421
2019-07-05,TTE,EQNR,252,0.34648362517314923
2019-07-08,TTE,EQNR,252,0.3324752161182849
2019-07-09,TTE,EQNR,252,0.3339239225658087
2019-07-10,TTE,EQNR,252,0.3385137707484145
2019-07-11,TTE,EQNR,252,0.33568437673207774
2019-07-12,TTE,EQNR,252,0.3362593162416301
2019-07-15,TTE,EQNR,252,0.33257854612592425
2019-07-16,TTE,EQNR,252,0.338773755255258
2019-07-17,TTE,EQNR,252,0.3411665050049311
2019-07-18,TTE,EQNR,252,0.33688543085860706
2019-07-19,TTE,EQNR,252,0.33211132271237226
2019-07-22,TTE,EQNR,252,0.3281692012421122
2019-07-23,TTE,EQNR,252,0.32638968178387995
2019-07-24,TTE,EQNR,252,0.31403501409283363
2019-07-25,TTE,EQNR,252,0.3092038012251829
2019-07-26,TTE,EQNR,252,0.3090777497855728
2019-07-29,TTE,EQNR,252,0.3101591283731005
2019-07-30,TTE,EQNR,252,0.3102097338404256
2019-07-31,TTE,EQNR,252,0.3099201064513709
2019-08-01,TTE,EQNR,252,0.3193272141652053
2019-08-02,TTE,EQNR,252,0.319773915142927
2019-08-05,TTE,EQNR,252,0.3251990302707198
2019-08-06,TTE,EQNR,252,0.32676494811465406
2019-08-07,TTE,EQNR,252,0.32530386991695
2019-08-08,TTE,EQNR,252,0.3266960528648507
2019-08-09,TTE,EQNR,252,0.32644077888861117
2019-08-12,TTE,EQNR,252,0.3260818391205816
2019-08-13,TTE,EQNR,252,0.3276382061904557
2019-08-14,TTE,EQNR,252,0.3334550379238145
2019-08-15,TTE,EQNR,252,0.33296941323556306
2019-08-20,TTE,EQNR,252,0.3326692095121664
2019-08-21,TTE,EQNR,252,0.330681737133594
2019-08-22,TTE,EQNR,252,0.33139780690012205
2019-08-23,TTE,EQNR,252,0.3295263298784521
2019-08-26,TTE,EQNR,252,0.3305784927997672
2019-08-27,TTE,EQNR,252,0.3300635651431935
2019-08-28,TTE,EQNR,252,0.32972745534171627
2019-08-29,TTE,EQNR,252,0.32888423790918514
2019-08-30,TTE,EQNR,252,0.3158782213237437
2019-09-03,TTE,EQNR,252,0.316180366795935
2019-09-04,TTE,EQNR,252,0.31950211585126986
2019-09-05,TTE,EQNR,252,0.3050931711340938
2019-09-06,TTE,EQNR,252,0.305218451889771
2019-09-09,TTE,EQNR,252,0.30527467966883537
2019-09-10,TTE,EQNR,252,0.30446652059252155
2019-09-11,TTE,EQNR,252,0.3079260589211013
2019-09-12,TTE,EQNR,252,0.30835306411625635
2019-09-13,TTE,EQNR,252,0.32789678430076746
2019-09-16,TTE,EQNR,252,0.3359443159925264
2019-09-17,TTE,EQNR,252,0.33547653780488274
2019-09-18,TTE,EQNR,252,0.33524584233980265
2019-09-19,TTE,EQNR,252,0.3387918888653816
2019-09-20,TTE,EQNR,252,0.3394869664086319
2019-09-23,TTE,EQNR,252,0.339731332601528
2019-09-24,TTE,EQNR,252,0.3393724809197223
2019-09-25,TTE,EQNR,252,0.34440078851636236
2019-09-26,TTE,EQNR,252,0.33462189835076633
2019-09-27,TTE,EQNR,252,0.33535665214805194
2019-09-30,TTE,EQNR,252,0.32637252886473817
2019-10-01,TTE,EQNR,252,0.3263102851260894
2019-10-02,TTE,EQNR,252,0.3233639130449582
2019-10-03,TTE,EQNR,252,0.30681314157836553
2019-10-04,TTE,EQNR,252,0.30791177723655244
2019-10-07,TTE,EQNR,252,0.30801806626047484
2019-10-08,TTE,EQNR,252,0.3113903103687022
2019-10-09,TTE,EQNR,252,0.2921771263362696
2019-10-10,TTE,EQNR,252,0.2938857285789004
2019-10-11,TTE,EQNR,252,0.2995091748627696
2019-10-14,TTE,EQNR,252,0.29881188568681155
2019-10-15,TTE,EQNR,252,0.2987943953657855
2019-10-16,TTE,EQNR,252,0.2989060837523333
2019-10-17,TTE,EQNR,252,0.2985254862573352
2019-10-18,TTE,EQNR,252,0.29839308879807863
2019-10-21,TTE,EQNR,252,0.2972674395735009
2019-10-22,TTE,EQNR,252,0.2978662361651061
2019-10-23,TTE,EQNR,252,0.2918274905410752
2019-10-24,TTE,EQNR,252,0.2935424995521643
2019-10-25,TTE,EQNR,252,0.29467417379733696
2019-10-28,TTE,EQNR,252,0.283788153605674
2019-10-29,TTE,EQNR,252,0.2832403224508929
2019-10-30,TTE,EQNR,252,0.2847633575320592
2019-10-31,TTE,EQNR,252,0.28116350420869174
2019-11-01,TTE,EQNR,252,0.27607404881561204
2019-11-04,TTE,EQNR,252,0.27975132546969567
2019-11-05,TTE,EQNR,252,0.29528753364507415
2019-11-06,TTE,EQNR,252,0.28730699206368676
2019-11-07,TTE,EQNR,252,0.27986387015187764
2019-11-08,TTE,EQNR,252,0.27411021929566737
2019-11-11,TTE,EQNR,252,0.275466688006814
2019-11-12,TTE,EQNR,252,0.27692669674715803
2019-11-13,TTE,EQNR,252,0.27627208815280496
2019-11-14,TTE,EQNR,252,0.27639259166662333
2019-11-15,TTE,EQNR,252,0.2747537938771464
2019-11-18,TTE,EQNR,252,0.2747508053707878
2019-11-19,TTE,EQNR,252,0.2705551018626998
2019-11-20,TTE,EQNR,252,0.27109902746263637
2019-11-21,TTE,EQNR,252,0.2707775589755089
2019-11-22,TTE,EQNR,252,0.27138654932143563
2019-11-25,TTE,EQNR,252,0.28009182943189875
2019-11-26,TTE,EQNR,252,0.27931251049858874
2019-11-27,TTE,EQNR,252,0.27778596292823715
2019-11-29,TTE,EQNR,252,0.2695943342175811
2019-12-02,TTE,EQNR,252,0.27026966879595454
2019-12-03,TTE,EQNR,252,0.2775972987997993
2019-12-04,TTE,EQNR,252,0.2772314248037258
2019-12-05,TTE,EQNR,252,0.2733892334599736
2019-12-06,TTE,EQNR,252,0.26878381109611515
2019-12-09,TTE,EQNR,252,0.27090350229450166
2019-12-10,TTE,EQNR,252,0.2550371894052507
2019-12-11,TTE,EQNR,252,0.2518804098725476
2019-12-12,TTE,EQNR,252,0.25241889864944034
2019-12-13,TTE,EQNR,252,0.249873360530828
2019-12-16,TTE,EQNR,252,0.2519032217368191
2019-12-17,TTE,EQNR,252,0.2530791905484558
2019-12-18,TTE,EQNR,252,0.236245718155049
2019-12-19,TTE,EQNR,252,0.23410327169187942
2019-12-20,TTE,EQNR,252,0.2330810258700626
2019-12-23,TTE,EQNR,252,0.230081659688141
2019-12-24,TTE,EQNR,252,0.2301821968780449
2019-12-26,TTE,EQNR,252,0.22963788879773891
2019-12-27,TTE,EQNR,252,0.24426185311448775
2019-12-30,TTE,EQNR,252,0.24323502207321496
2019-12-31,TTE,EQNR,252,0.2163720220197428
2020-01-02,TTE,EQNR,252,0.20968881587558222
2020-01-03,TTE,EQNR,252,0.203093146365863
2020-01-06,TTE,EQNR,252,0.2074270911046254
2020-01-07,TTE,EQNR,252,0.2085064585413933
2020-01-08,TTE,EQNR,252,0.2077128020929656
2020-01-09,TTE,EQNR,252,0.20437923770233538
2020-01-10,TTE,EQNR,252,0.2019805517108729
2020-01-13,TTE,EQNR,252,0.20197884010795417
2020-01-14,TTE,EQNR,252,0.2030837140200037
2020-01-15,TTE,EQNR,252,0.21009032036558398
2020-01-16,TTE,EQNR,252,0.19248163166126184
2020-01-17,TTE,EQNR,252,0.1921365933472395
2020-01-21,TTE,EQNR,252,0.19352395042839135
2020-01-22,TTE,EQNR,252,0.1839208254112807
2020-01-23,TTE,EQNR,252,0.18460529768842154
2020-01-24,TTE,EQNR,252,0.18366495607090233
2020-01-27,TTE,EQNR,252,0.19576017132674176
2020-01-28,TTE,EQNR,252,0.1953857350340279
2020-01-29,TTE,EQNR,252,0.1971518759856159
2020-02-03,TTE,EQNR,252,0.2024731398771109
2020-02-04,TTE,EQNR,252,0.19845125758960458
2020-02-05,TTE,EQNR,252,0.1922976483989978
2020-02-06,TTE,EQNR,252,0.18246876950757823
2020-02-07,TTE,EQNR,252,0.1872541535701824
2020-02-10,TTE,EQNR,252,0.19552422607890182
2020-02-11,TTE,EQNR,252,0.18800310203310736
2020-02-12,TTE,EQNR,252,0.1859244061298766
2020-02-13,TTE,EQNR,252,0.18650276056579773
2020-02-14,TTE,EQNR,252,0.18416445902413822
2020-02-18,TTE,EQNR,252,0.18436550915789823
2020-02-19,TTE,EQNR,252,0.18439230363075704
2020-02-20,TTE,EQNR,252,0.18308805140533949
2020-02-21,TTE,EQNR,252,0.18380323699315188
2020-02-24,TTE,EQNR,252,0.2169312263678412
2020-02-25,TTE,EQNR,252,0.2162566796223264
2020-02-26,TTE,EQNR,252,0.214168820010009
2020-02-27,TTE,EQNR,252,0.21684615462160461
2020-02-28,TTE,EQNR,252,0.21470957431742593
2020-03-02,TTE,EQNR,252,0.20501543244229273
2020-03-03,TTE,EQNR,252,0.20614985018491894
2020-03-04,TTE,EQNR,252,0.21130653777325256
2020-03-05,TTE,EQNR,252,0.22032445759559047
2020-03-06,TTE,EQNR,252,0.2181398609474308
2020-03-09,TTE,EQNR,252,0.5730552048105054
2020-03-10,TTE,EQNR,252,0.5788898356282793
2020-03-11,TTE,EQNR,252,0.5972184582958189
2020-03-12,TTE,EQNR,252,0.6557451737201013
2020-03-13,TTE,EQNR,252,0.61604353311413
2020-03-16,TTE,EQNR,252,0.6106369914074178
2020-03-17,TTE,EQNR,252,0.6238894441261903
2020-03-18,TTE,EQNR,252,0.626888316264004
2020-03-19,TTE,EQNR,252,0.6485571069578041
2020-03-20,TTE,EQNR,252,0.6513358165323976
2020-03-23,TTE,EQNR,252,0.6278651277537262
2020-03-24,TTE,EQNR,252,0.6548293352387778
2020-03-25,TTE,EQNR,252,0.6712326575501416
2020-03-26,TTE,EQNR,252,0.6706450919049962
2020-03-27,TTE,EQNR,252,0.6605314002563837
2020-03-30,TTE,EQNR,252,0.6620990587556894
2020-03-31,TTE,EQNR,252,0.6656626645603266
2020-04-01,TTE,EQNR,252,0.6646594605139353
2020-04-02,TTE,EQNR,252,0.6614086648730054
2020-04-03,TTE,EQNR,252,0.6651967812110365
2020-04-06,TTE,EQNR,252,0.6649813131666639
2020-04-07,TTE,EQNR,252,0.663322847100361
2020-04-08,TTE,EQNR,252,0.6633569995967641
2020-04-09,TTE,EQNR,252,0.6621885289051882
2020-04-13,TTE,EQNR,252,0.6630530645432218
2020-04-14,TTE,EQNR,252,0.6627326370950705
2020-04-15,TTE,EQNR,252,0.665260961009809
2020-04-16,TTE,EQNR,252,0.6662592266570805
2020-04-17,TTE,EQNR,252,0.6732119543107723
2020-04-20,TTE,EQNR,252,0.6767859527594696
2020-04-21,TTE,EQNR,252,0.6760567418248139
2020-04-22,TTE,EQNR,252,0.6759980226062553
2020-04-23,TTE,EQNR,252,0.6759933479539914
2020-04-24,TTE,EQNR,252,0.6701040043927416
2020-04-27,TTE,EQNR,252,0.6666230729102136
2020-04-28,TTE,EQNR,252,0.6665770359839039
2020-04-29,TTE,EQNR,252,0.6611484384832497
2020-04-30,TTE,EQNR,252,0.661639593659693
2020-05-01,TTE,EQNR,252,0.6587799694832419
2020-05-04,TTE,EQNR,252,0.6560655239930593
2020-05-05,TTE,EQNR,252,0.6567642369065099
2020-05-06,TTE,EQNR,252,0.6580280650999156
2020-05-07,TTE,EQNR,252,0.6564455810910654
2020-05-08,TTE,EQNR,252,0.6574217911066353
2020-05-11,TTE,EQNR,252,0.6576235078085445
2020-05-12,TTE,EQNR,252,0.6569853136109733
2020-05-13,TTE,EQNR,252,0.6576102126826083
2020-05-14,TTE,EQNR,252,0.6593631000788184
2020-05-15,TTE,EQNR,252,0.6588242481145297
2020-05-18,TTE,EQNR,252,0.6556897729661711
2020-05-19,TTE,EQNR,252,0.6536393016980531
2020-05-20,TTE,EQNR,252,0.6545022476918597
2020-05-21,TTE,EQNR,252,0.6544328686618668
2020-05-22,TTE,EQNR,252,0.6540452516156513
2020-05-26,TTE,EQNR,252,0.6543379901558831
2020-05-27,TTE,EQNR,252,0.6571460610452966
2020-05-28,TTE,EQNR,252,0.6558708395644555
2020-05-29,TTE,EQNR,252,0.6562288506360832
2020-06-01,TTE,EQNR,252,0.6563334567850793
2020-06-02,TTE,EQNR,252,0.655249096239094
2020-06-03,TTE,EQNR,252,0.6564349657205488
2020-06-04,TTE,EQNR,252,0.6570547959413813
2020-06-05,TTE,EQNR,252,0.6608273900073857
2020-06-08,TTE,EQNR,252,0.660697111175726
2020-06-09,TTE,EQNR,252,0.661852696971723
2020-06-10,TTE,EQNR,252,0.6622958626160614
2020-06-11,TTE,EQNR,252,0.6677144406391773
2020-06-12,TTE,EQNR,252,0.6633837162155478
2020-06-15,TTE,EQNR,252,0.6641148236050906
2020-06-16,TTE,EQNR,252,0.663791068950868
2020-06-17,TTE,EQNR,252,0.6634421599382554
2020-06-18,TTE,EQNR,252,0.6633873416912058
2020-06-19,TTE,EQNR,252,0.6633641391593069
2020-06-22,TTE,EQNR,252,0.6631941001554211
2020-06-23,TTE,EQNR,252,0.661431258948569
2020-06-24,TTE,EQNR,252,0.6602229603962576
2020-06-25,TTE,EQNR,252,0.660138387515664
2020-06-26,TTE,EQNR,252,0.6610618970646919
2020-06-29,TTE,EQNR,252,0.6627868190467098
2020-06-30,TTE,EQNR,252,0.661145632267919
2020-07-01,TTE,EQNR,252,0.6614914976096813
2020-07-02,TTE,EQNR,252,0.6626751854857202
2020-07-06,TTE,EQNR,252,0.6619628034603755
2020-07-07,TTE,EQNR,252,0.6605969298537796
2020-07-08,TTE,EQNR,252,0.6598834850807588
2020-07-09,TTE,EQNR,252,0.6614232508505092
2020-07-10,TTE,EQNR,252,0.661218222402408
2020-07-13,TTE,EQNR,252,0.6612815698921314
2020-07-14,TTE,EQNR,252,0.6623403221861179
2020-07-15,TTE,EQNR,252,0.6626915872311796
2020-07-16,TTE,EQNR,252,0.6631271526379277
2020-07-17,TTE,EQNR,252,0.6634307854791573
2020-07-20,TTE,EQNR,252,0.6642700178429551
2020-07-21,TTE,EQNR,252,0.6639693478068577
2020-07-22,TTE,EQNR,252,0.6638725138009564
2020-07-23,TTE,EQNR,252,0.6637464604567634
2020-07-24,TTE,EQNR,252,0.663712858637508
2020-07-27,TTE,EQNR,252,0.6637380183894431
2020-07-28,TTE,EQNR,252,0.6611522377104964
2020-07-29,TTE,EQNR,252,0.6600921618128038
2020-07-30,TTE,EQNR,252,0.661297997789998
2020-07-31,TTE,EQNR,252,0.6614300416645714
2020-08-03,TTE,EQNR,252,0.661545303856127
2020-08-04,TTE,EQNR,252,0.6620223369817639
2020-08-05,TTE,EQNR,252,0.6625231298262976
2020-08-06,TTE,EQNR,252,0.6618697104397587
2020-08-07,TTE,EQNR,252,0.6615972417627102
2020-08-10,TTE,EQNR,252,0.6611169512318023
2020-08-11,TTE,EQNR,252,0.6613461091970734
2020-08-12,TTE,EQNR,252,0.6622087546904484
2020-08-13,TTE,EQNR,252,0.6621190832000181
2020-08-14,TTE,EQNR,252,0.6620698810038098
2020-08-17,TTE,EQNR,252,0.6614067499558127
2020-08-18,TTE,EQNR,252,0.6597293608108236
2020-08-19,TTE,EQNR,252,0.6605865401753896
2020-08-20,TTE,EQNR,252,0.6608753403672571
2020-08-21,TTE,EQNR,252,0.6609253923181374
2020-08-24,TTE,EQNR,252,0.6607776166974249
2020-08-25,TTE,EQNR,252,0.6603826863112894
2020-08-26,TTE,EQNR,252,0.6608384077595347
2020-08-27,TTE,EQNR,252,0.6610252687850784
2020-08-28,TTE,EQNR,252,0.6615120149765326
2020-08-31,TTE,EQNR,252,0.6607962998835808
2020-09-01,TTE,EQNR,252,0.6603160369822818
2020-09-02,TTE,EQNR,252,0.6597917668206843
2020-09-03,TTE,EQNR,252,0.6600206501354489
2020-09-04,TTE,EQNR,252,0.6597695802173033
2020-09-08,TTE,EQNR,252,0.6626409139342595
2020-09-09,TTE,EQNR,252,0.6595112005238685
2020-09-10,TTE,EQNR,252,0.6594951918287452
2020-09-11,TTE,EQNR,252,0.6599631663211932
2020-09-14,TTE,EQNR,252,0.6583893928415013
2020-09-15,TTE,EQNR,252,0.6585080472845906
2020-09-16,TTE,EQNR,252,0.6585747730647418
2020-09-17,TTE,EQNR,252,0.6587409489659154
2020-09-18,TTE,EQNR,252,0.659076694536542
2020-09-21,TTE,EQNR,252,0.6577464898682893
2020-09-22,TTE,EQNR,252,0.6554131678848212
2020-09-23,TTE,EQNR,252,0.6544127555948605
2020-09-24,TTE,EQNR,252,0.6537651337999871
2020-09-25,TTE,EQNR,252,0.6540534665825184
2020-09-28,TTE,EQNR,252,0.654218439209924
2020-09-29,TTE,EQNR,252,0.6534496929878232
2020-09-30,TTE,EQNR,252,0.6520581472653293
2020-10-01,TTE,EQNR,252,0.6539598357033819
2020-10-02,TTE,EQNR,252,0.6526373811569792
2020-10-05,TTE,EQNR,252,0.65626119916591
2020-10-06,TTE,EQNR,252,0.6589462183115313
2020-10-07,TTE,EQNR,252,0.6586549606066067
2020-10-08,TTE,EQNR,252,0.6582246488348474
2020-10-09,TTE,EQNR,252,0.6576736584260825
2020-10-12,TTE,EQNR,252,0.6578620384948679
2020-10-13,TTE,EQNR,252,0.6573637311832371
2020-10-14,TTE,EQNR,252,0.6550703292395608
2020-10-15,TTE,EQNR,252,0.6552785655729435
2020-10-16,TTE,EQNR,252,0.6550740673819623
2020-10-19,TTE,EQNR,252,0.6550521470177629
2020-10-20,TTE,EQNR,252,0.6546074423687068
2020-10-21,TTE,EQNR,252,0.6533240419306305
2020-10-22,TTE,EQNR,252,0.6533897067497615
2020-10-23,TTE,EQNR,252,0.6532226600814673
2020-10-26,TTE,EQNR,252,0.6521527587709415
2020-10-27,TTE,EQNR,252,0.6514561735825952
2020-10-28,TTE,EQNR,252,0.6525557559800843
2020-10-29,TTE,EQNR,252,0.6550690220057008
2020-10-30,TTE,EQNR,252,0.6550822584035634
2020-11-02,TTE,EQNR,252,0.6571275445004431
2020-11-03,TTE,EQNR,252,0.6505262432502429
2020-11-04,TTE,EQNR,252,0.6478244065428662
2020-11-05,TTE,EQNR,252,0.6479817260304392
2020-11-06,TTE,EQNR,252,0.6473020032456456
2020-11-09,TTE,EQNR,252,0.6572759714158212
2020-11-10,TTE,EQNR,252,0.659428941419632
2020-11-11,TTE,EQNR,252,0.6590478361498507
2020-11-12,TTE,EQNR,252,0.6593733130201014
2020-11-13,TTE,EQNR,252,0.6596866755441322
2020-11-16,TTE,EQNR,252,0.6615753678622782
2020-11-17,TTE,EQNR,252,0.6612732805752387
2020-11-18,TTE,EQNR,252,0.6607949892607113
2020-11-19,TTE,EQNR,252,0.6596219422596324
2020-11-20,TTE,EQNR,252,0.6595455348743716
2020-11-23,TTE,EQNR,252,0.6614818916973825
2020-11-24,TTE,EQNR,252,0.6631482547296993
2020-11-25,TTE,EQNR,252,0.6626079978362307
2020-11-27,TTE,EQNR,252,0.6629044710211502
2020-11-30,TTE,EQNR,252,0.6649587777145488
2020-12-01,TTE,EQNR,252,0.6645666316876045
2020-12-02,TTE,EQNR,252,0.6650889113611904
2020-12-03,TTE,EQNR,252,0.6650921290329788
2020-12-04,TTE,EQNR,252,0.6653064705885448
2020-12-07,TTE,EQNR,252,0.6659073922882357
2020-12-08,TTE,EQNR,252,0.6669118371901029
2020-12-09,TTE,EQNR,252,0.6664920388896142
2020-12-10,TTE,EQNR,252,0.665341127626059
2020-12-11,TTE,EQNR,252,0.6655924868513975
2020-12-14,TTE,EQNR,252,0.6661999565887753
2020-12-15,TTE,EQNR,252,0.6660984569057034
2020-12-16,TTE,EQNR,252,0.6660616824236734
2020-12-17,TTE,EQNR,252,0.6656968123480002
2020-12-18,TTE,EQNR,252,0.665655817320636
2020-12-21,TTE,EQNR,252,0.6667881035442283
2020-12-22,TTE,EQNR,252,0.6619525241461607
2020-12-23,TTE,EQNR,252,0.6625897182036752
2020-12-24,TTE,EQNR,252,0.6608209820722343
2020-12-28,TTE,EQNR,252,0.6572285898129338
2020-12-29,TTE,EQNR,252,0.6554302219154797
2020-12-30,TTE,EQNR,252,0.6540213537503812
2020-12-31,TTE,EQNR,252,0.6495906007570115
2021-01-04,TTE,EQNR,252,0.6444663249257097
2021-01-05,TTE,EQNR,252,0.6450747437248948
2021-01-06,TTE,EQNR,252,0.6468948082783305
2021-01-07,TTE,EQNR,252,0.6468498011021304
2021-01-08,TTE,EQNR,252,0.6468026223664952
2021-01-11,TTE,EQNR,252,0.6465633415779115
2021-01-12,TTE,EQNR,252,0.6462925816592485
2021-01-13,TTE,EQNR,252,0.6464401356254184
2021-01-14,TTE,EQNR,252,0.647001932170531
2021-01-15,TTE,EQNR,252,0.6473437803360625
2021-01-19,TTE,EQNR,252,0.6449780736969434
2021-01-20,TTE,EQNR,252,0.6439630898995701
2021-01-21,TTE,EQNR,252,0.6441935044496153
2021-01-22,TTE,EQNR,252,0.6445655810051863
2021-01-25,TTE,EQNR,252,0.6453609139783099
2021-01-26,TTE,EQNR,252,0.6407908017858766
2021-01-27,TTE,EQNR,252,0.6409249023786648
2021-01-28,TTE,EQNR,252,0.6398118472148766
2021-01-29,TTE,EQNR,252,0.6396788446394407
2021-02-01,TTE,EQNR,252,0.6395966802692589
2021-02-02,TTE,EQNR,252,0.639377379952173
2021-02-03,TTE,EQNR,252,0.6377269043460037
2021-02-04,TTE,EQNR,252,0.6391677259988034
2021-02-05,TTE,EQNR,252,0.6408232033597321
2021-02-08,TTE,EQNR,252,0.6412681668946284
2021-02-09,TTE,EQNR,252,0.6414970539038516
2021-02-10,TTE,EQNR,252,0.6425881146185928
2021-02-11,TTE,EQNR,252,0.6426914183559997
2021-02-12,TTE,EQNR,252,0.642742413605116
2021-02-16,TTE,EQNR,252,0.6433803960882233
2021-02-17,TTE,EQNR,252,0.6433649013242293
2021-02-18,TTE,EQNR,252,0.6427158738515805
2021-02-19,TTE,EQNR,252,0.6425316691815236
2021-02-22,TTE,EQNR,252,0.6429594797858551
2021-02-23,TTE,EQNR,252,0.6402487856396128
2021-02-24,TTE,EQNR,252,0.6417938699514244
2021-02-25,TTE,EQNR,252,0.6425559535968405
2021-02-26,TTE,EQNR,252,0.6429832613625726
2021-03-01,TTE,EQNR,252,0.6436316400774729
2021-03-02,TTE,EQNR,252,0.6454273322067258
2021-03-03,TTE,EQNR,252,0.6451093370431107
2021-03-04,TTE,EQNR,252,0.6443055139357401
2021-03-05,TTE,EQNR,252,0.6420071671264895
2021-03-08,TTE,EQNR,252,0.6432480566118464
2021-03-09,TTE,EQNR,252,0.5998904897373737
2021-03-10,TTE,EQNR,252,0.59641376026658
2021-03-11,TTE,EQNR,252,0.589535493590548
2021-03-12,TTE,EQNR,252,0.5649443103212297
2021-03-15,TTE,EQNR,252,0.5824885038186511
2021-03-16,TTE,EQNR,252,0.59302817144281
2021-03-17,TTE,EQNR,252,0.5885812363059209
2021-03-18,TTE,EQNR,252,0.5525488793876981
2021-03-19,TTE,EQNR,252,0.5224786030870007
2021-03-22,TTE,EQNR,252,0.516803128884601
2021-03-23,TTE,EQNR,252,0.5299452397899584
2021-03-24,TTE,EQNR,252,0.49695121728185476
2021-03-25,TTE,EQNR,252,0.46810369102082944
2021-03-26,TTE,EQNR,252,0.46975290299701444
2021-03-29,TTE,EQNR,252,0.47983406164529374
2021-03-30,TTE,EQNR,252,0.47652335494525244
2021-03-31,TTE,EQNR,252,0.47128424522160467
2021-04-01,TTE,EQNR,252,0.4696832934077357
2021-04-05,TTE,EQNR,252,0.46645697578697265
2021-04-06,TTE,EQNR,252,0.45056927570258204
2021-04-07,TTE,EQNR,252,0.4502747916942255
2021-04-08,TTE,EQNR,252,0.454117692155667
2021-04-09,TTE,EQNR,252,0.45484126374647554
2021-04-12,TTE,EQNR,252,0.454401709940207
2021-04-13,TTE,EQNR,252,0.45463542072436197
2021-04-14,TTE,EQNR,252,0.45243618035731725
2021-04-15,TTE,EQNR,252,0.44482640825624514
2021-04-16,TTE,EQNR,252,0.44157489660308047
2021-04-19,TTE,EQNR,252,0.42274404670981686
2021-04-20,TTE,EQNR,252,0.41248761211553187
2021-04-21,TTE,EQNR,252,0.412700369413246
2021-04-22,TTE,EQNR,252,0.41200244038032596
2021-04-23,TTE,EQNR,252,0.41199740481626806
2021-04-26,TTE,EQNR,252,0.41342128756527957
2021-04-27,TTE,EQNR,252,0.4184506972700561
2021-04-28,TTE,EQNR,252,0.420931563911041
2021-04-29,TTE,EQNR,252,0.42721077697447807
2021-04-30,TTE,EQNR,252,0.4270029829710884
2021-05-03,TTE,EQNR,252,0.43411158791778154
2021-05-04,TTE,EQNR,252,0.43830824634402915
2021-05-05,TTE,EQNR,252,0.43841607725894516
2021-05-06,TTE,EQNR,252,0.4382725084452356
2021-05-07,TTE,EQNR,252,0.4389302116122743
2021-05-10,TTE,EQNR,252,0.4356573654727986
2021-05-11,TTE,EQNR,252,0.4353759158785758
2021-05-12,TTE,EQNR,252,0.4312649145965405
2021-05-13,TTE,EQNR,252,0.4291753166939094
2021-05-14,TTE,EQNR,252,0.43139101153620324
2021-05-17,TTE,EQNR,252,0.42318572772013474
2021-05-18,TTE,EQNR,252,0.42919965481872213
2021-05-19,TTE,EQNR,252,0.43117605740724957
2021-05-20,TTE,EQNR,252,0.42601996864385877
2021-05-21,TTE,EQNR,252,0.4251964225537911
2021-05-24,TTE,EQNR,252,0.4237409845977711
2021-05-25,TTE,EQNR,252,0.423455840632409
2021-05-26,TTE,EQNR,252,0.4214724499023656
2021-05-27,TTE,EQNR,252,0.42320365838754564
2021-05-28,TTE,EQNR,252,0.4213228544157035
2021-06-01,TTE,EQNR,252,0.40904871043441404
2021-06-02,TTE,EQNR,252,0.40501121475798596
2021-06-03,TTE,EQNR,252,0.4014557309330343
2021-06-04,TTE,EQNR,252,0.4020422203199361
2021-06-07,TTE,EQNR,252,0.38896828759818197
2021-06-08,TTE,EQNR,252,0.3836892957970213
2021-06-09,TTE,EQNR,252,0.3787508214355744
2021-06-10,TTE,EQNR,252,0.3793868693807829
2021-06-11,TTE,EQNR,252,0.3542410535114905
2021-06-14,TTE,EQNR,252,0.361209863147823
2021-06-15,TTE,EQNR,252,0.3583797419869794
2021-06-16,TTE,EQNR,252,0.36037500994128213
2021-06-17,TTE,EQNR,252,0.3602740007908146
2021-06-18,TTE,EQNR,252,0.37279816574984037
2021-06-21,TTE,EQNR,252,0.3793996165229306
2021-06-22,TTE,EQNR,252,0.3797953064409353
2021-06-23,TTE,EQNR,252,0.37188413656001473
2021-06-24,TTE,EQNR,252,0.3762100964819031
2021-06-25,TTE,EQNR,252,0.3779269293232585
2021-06-28,TTE,EQNR,252,0.37567438478347476
2021-06-29,TTE,EQNR,252,0.37428581430842917
2021-06-30,TTE,EQNR,252,0.3758345976093352
2021-07-01,TTE,EQNR,252,0.3747245040655448
2021-07-02,TTE,EQNR,252,0.3700642094430002
2021-07-06,TTE,EQNR,252,0.37207051409309433
2021-07-07,TTE,EQNR,252,0.3759323951848299
2021-07-08,TTE,EQNR,252,0.37954395691242476
2021-07-09,TTE,EQNR,252,0.3736340566636723
2021-07-12,TTE,EQNR,252,0.37339106077392403
2021-07-13,TTE,EQNR,252,0.37346609001619285
2021-07-14,TTE,EQNR,252,0.37078551291298173
2021-07-15,TTE,EQNR,252,0.36860949459624254
2021-07-16,TTE,EQNR,252,0.37216589643871445
2021-07-19,TTE,EQNR,252,0.37656025087620126
2021-07-20,TTE,EQNR,252,0.37645004843315255
2021-07-21,TTE,EQNR,252,0.37578265841312164
2021-07-22,TTE,EQNR,252,0.36995418948832676
2021-07-23,TTE,EQNR,252,0.37064396194267935
2021-07-26,TTE,EQNR,252,0.3783706033214407
2021-07-27,TTE,EQNR,252,0.3793909257587915
2021-07-28,TTE,EQNR,252,0.3841888024947417
2021-07-29,TTE,EQNR,252,0.38304509220415217
2021-07-30,TTE,EQNR,252,0.38511908829485914
2021-08-02,TTE,EQNR,252,0.3820863857672882
2021-08-03,TTE,EQNR,252,0.38129145670996034
2021-08-04,TTE,EQNR,252,0.37386913235397784
2021-08-05,TTE,EQNR,252,0.36741938319898815
2021-08-06,TTE,EQNR,252,0.3694759300354384
2021-08-09,TTE,EQNR,252,0.37018259115385405
2021-08-10,TTE,EQNR,252,0.37182201141557764
2021-08-11,TTE,EQNR,252,0.3671279648934074
2021-08-12,TTE,EQNR,252,0.3656900495452609
2021-08-13,TTE,EQNR,252,0.3656669471684954
2021-08-16,TTE,EQNR,252,0.3657889873529974
2021-08-17,TTE,EQNR,252,0.3664439074484097
2021-08-18,TTE,EQNR,252,0.37024946402068476
2021-08-19,TTE,EQNR,252,0.3706568756546942
2021-08-20,TTE,EQNR,252,0.3702268657263245
2021-08-23,TTE,EQNR,252,0.37113208961327027
2021-08-24,TTE,EQNR,252,0.3732054290944796
2021-08-25,TTE,EQNR,252,0.37387505796188447
2021-08-26,TTE,EQNR,252,0.3756085850160301
2021-08-27,TTE,EQNR,252,0.3782025508680772
2021-08-30,TTE,EQNR,252,0.37791257843606574
2021-08-31,TTE,EQNR,252,0.3829213622211569
2021-09-01,TTE,EQNR,252,0.3830752021520394
2021-09-02,TTE,EQNR,252,0.3893141222341224
2021-09-03,TTE,EQNR,252,0.3880390248758057
2021-09-07,TTE,EQNR,252,0.38656294761385884
2021-09-08,TTE,EQNR,252,0.3898462347971295
2021-09-09,TTE,EQNR,252,0.3957963559798541
2021-09-10,TTE,EQNR,252,0.3956868858199302
2021-09-13,TTE,EQNR,252,0.39307657290618236
2021-09-14,TTE,EQNR,252,0.3919975894682959
2021-09-15,TTE,EQNR,252,0.390461509031342
2021-09-16,TTE,EQNR,252,0.3912735032940972
2021-09-17,TTE,EQNR,252,0.390964131393646
2021-09-20,TTE,EQNR,252,0.3901443710549299
2021-09-21,TTE,EQNR,252,0.3920244508045877
2021-09-22,TTE,EQNR,252,0.3914419730815461
2021-09-23,TTE,EQNR,252,0.39201228759840817
2021-09-24,TTE,EQNR,252,0.3920907903403124
2021-09-27,TTE,EQNR,252,0.39376420449129584
2021-09-28,TTE,EQNR,252,0.39449428465991787
2021-09-29,TTE,EQNR,252,0.39690178502801543
2021-09-30,TTE,EQNR,252,0.3980802796389643
2021-10-01,TTE,EQNR,252,0.396130676424052
2021-10-04,TTE,EQNR,252,0.3976243538513766
2021-10-05,TTE,EQNR,252,0.3907925197915846
2021-10-06,TTE,EQNR,252,0.39237036371574563
2021-10-07,TTE,EQNR,252,0.3939299796668343
2021-10-08,TTE,EQNR,252,0.39792477448498736
2021-10-11,TTE,EQNR,252,0.396355218716088
2021-10-12,TTE,EQNR,252,0.39580467065630753
2021-10-13,TTE,EQNR,252,0.3913740172608739
2021-10-14,TTE,EQNR,252,0.3943798738246048
2021-10-15,TTE,EQNR,252,0.3920270492465212
2021-10-18,TTE,EQNR,252,0.39248631020541846
2021-10-19,TTE,EQNR,252,0.39260462800484536
2021-10-20,TTE,EQNR,252,0.3916358845960095
2021-10-21,TTE,EQNR,252,0.3921604483575875
2021-10-22,TTE,EQNR,252,0.39350850047732866
2021-10-25,TTE,EQNR,252,0.39117919884239744
2021-10-26,TTE,EQNR,252,0.3931355998031184
2021-10-27,TTE,EQNR,252,0.38322945726526486
2021-10-28,TTE,EQNR,252,0.37827738967392976
2021-10-29,TTE,EQNR,252,0.3778919364923718
2021-11-01,TTE,EQNR,252,0.37753873955992556
2021-11-02,TTE,EQNR,252,0.37188261497937475
2021-11-03,TTE,EQNR,252,0.3831482943504757
2021-11-04,TTE,EQNR,252,0.38687108767658385
2021-11-05,TTE,EQNR,252,0.38534439380658925
2021-11-08,TTE,EQNR,252,0.38644783750375433
2021-11-09,TTE,EQNR,252,0.35422347758348227
2021-11-10,TTE,EQNR,252,0.34847845051297177
2021-11-11,TTE,EQNR,252,0.35002910580839813
2021-11-12,TTE,EQNR,252,0.34890815764914024
2021-11-15,TTE,EQNR,252,0.3485658273589722
2021-11-16,TTE,EQNR,252,0.3353701491588408
2021-11-17,TTE,EQNR,252,0.33564510533496766
2021-11-18,TTE,EQNR,252,0.3401733258672353
2021-11-19,TTE,EQNR,252,0.3393259240997604
2021-11-22,TTE,EQNR,252,0.3404098357906389
2021-11-23,TTE,EQNR,252,0.3325593367305054
2021-11-24,TTE,EQNR,252,0.3248422970644886
2021-11-26,TTE,EQNR,252,0.3320401667649085
2021-11-29,TTE,EQNR,252,0.3313809763091096
2021-11-30,TTE,EQNR,252,0.3185319451182725
2021-12-01,TTE,EQNR,252,0.3190363354958359
2021-12-02,TTE,EQNR,252,0.32178702988885327
2021-12-03,TTE,EQNR,252,0.32046430228860456
2021-12-06,TTE,EQNR,252,0.31890640728720837
2021-12-07,TTE,EQNR,252,0.3112464708259066
2021-12-08,TTE,EQNR,252,0.31065685831910295
2021-12-09,TTE,EQNR,252,0.30520916773299545
2021-12-10,TTE,EQNR,252,0.3043142949541569
2021-12-13,TTE,EQNR,252,0.30024571274851874
2021-12-14,TTE,EQNR,252,0.2972808353561615
2021-12-15,TTE,EQNR,252,0.2944392914916154
2021-12-16,TTE,EQNR,252,0.29596812151911756
2021-12-17,TTE,EQNR,252,0.29787779028267464
2021-12-20,TTE,EQNR,252,0.2960219100274895
2021-12-21,TTE,EQNR,252,0.2909658499496394
2021-12-22,TTE,EQNR,252,0.3006563630502177
2021-12-23,TTE,EQNR,252,0.295857350382871
2021-12-27,TTE,EQNR,252,0.29684584288093774
2021-12-28,TTE,EQNR,252,0.2991475628227877
2021-12-29,TTE,EQNR,252,0.30277296160670913
2021-12-30,TTE,EQNR,252,0.3039193704976586
2021-12-31,TTE,EQNR,252,0.3120489336266762
2022-01-03,TTE,EQNR,252,0.3239027757537719
2022-01-04,TTE,EQNR,252,0.32473405027956215
2022-01-05,TTE,EQNR,252,0.3113809490186527
2022-01-06,TTE,EQNR,252,0.3127825993470834
2022-01-07,TTE,EQNR,252,0.31287864698964335
2022-01-10,TTE,EQNR,252,0.3068488440651407
2022-01-11,TTE,EQNR,252,0.3105069463231104
2022-01-12,TTE,EQNR,252,0.3112431314018599
2022-01-13,TTE,EQNR,252,0.30847904565346473
2022-01-14,TTE,EQNR,252,0.29803487180897326
2022-01-18,TTE,EQNR,252,0.29982851660807747
2022-01-19,TTE,EQNR,252,0.30155956482152324
2022-01-20,TTE,EQNR,252,0.3001300042086397
2022-01-21,TTE,EQNR,252,0.3056689230194445
2022-01-24,TTE,EQNR,252,0.29911866640324003
2022-01-25,TTE,EQNR,252,0.30946721618851447
2022-01-26,TTE,EQNR,252,0.2972017370326568
2022-01-27,TTE,EQNR,252,0.29827678553566384
2022-01-28,TTE,EQNR,252,0.2988409244464842
2022-01-31,TTE,EQNR,252,0.2990382276726318
2022-02-01,TTE,EQNR,252,0.29800781943954224
2022-02-02,TTE,EQNR,252,0.3014512314423594
2022-02-03,TTE,EQNR,252,0.29907382392767035
2022-02-04,TTE,EQNR,252,0.29797353644091856
2022-02-07,TTE,EQNR,252,0.29827312172646153
2022-02-08,TTE,EQNR,252,0.2961932165207153
2022-02-09,TTE,EQNR,252,0.2982401563054899
2022-02-10,TTE,EQNR,252,0.29345736393916033
2022-02-11,TTE,EQNR,252,0.2792619535130692
2022-02-14,TTE,EQNR,252,0.2801260044870179
2022-02-15,TTE,EQNR,252,0.2641066845581057
2022-02-16,TTE,EQNR,252,0.26388619525976675
2022-02-17,TTE,EQNR,252,0.262870796933366
2022-02-18,TTE,EQNR,252,0.2601199243460521
2022-02-22,TTE,EQNR,252,0.25924690499005043
2022-02-23,TTE,EQNR,252,0.2584332957309244
2022-02-24,TTE,EQNR,252,0.2586376740237639
2022-02-25,TTE,EQNR,252,0.2552173963771707
2022-02-28,TTE,EQNR,252,0.24111242864680826
2022-03-01,TTE,EQNR,252,0.22487890988738216
2022-03-02,TTE,EQNR,252,0.2230007470474195
2022-03-03,TTE,EQNR,252,0.23413228221093915
2022-03-04,TTE,EQNR,252,0.22250908191268443
2022-03-07,TTE,EQNR,252,0.2247130787036934
2022-03-08,TTE,EQNR,252,0.2245605775435193
2022-03-09,TTE,EQNR,252,0.21799596554759568
2022-03-10,TTE,EQNR,252,0.22062107336754783
2022-03-11,TTE,EQNR,252,0.2253370608773023
2022-03-14,TTE,EQNR,252,0.22542617039579899
2022-03-15,TTE,EQNR,252,0.21911864326301378
2022-03-16,TTE,EQNR,252,0.21615093867052693
2022-03-17,TTE,EQNR,252,0.1868817398364425
2022-03-18,TTE,EQNR,252,0.18753068016999536
2022-03-21,TTE,EQNR,252,0.19036793188245651
2022-03-22,TTE,EQNR,252,0.20410336739712687
2022-03-23,TTE,EQNR,252,0.19227238930541285
2022-03-24,TTE,EQNR,252,0.1925615709444397
2022-03-25,TTE,EQNR,252,0.19785338667512914
2022-03-28,TTE,EQNR,252,0.19778430818378256
2022-03-29,TTE,EQNR,252,0.20025288864833182
2022-03-30,TTE,EQNR,252,0.20471402337980876
2022-03-31,TTE,EQNR,252,0.2106710605275669
2022-04-01,TTE,EQNR,252,0.21587902965789185
2022-04-04,TTE,EQNR,252,0.22130773693594752
2022-04-05,TTE,EQNR,252,0.2246656146431525
2022-04-06,TTE,EQNR,252,0.21822076572647395
2022-04-07,TTE,EQNR,252,0.21574949077357486
2022-04-08,TTE,EQNR,252,0.21693717015109137
2022-04-11,TTE,EQNR,252,0.19267217021303013
2022-04-12,TTE,EQNR,252,0.19125230160313023
2022-04-13,TTE,EQNR,252,0.1919874697121096
2022-04-14,TTE,EQNR,252,0.1913210318978394
2022-04-18,TTE,EQNR,252,0.19312916232640628
2022-04-19,TTE,EQNR,252,0.19161560332083863
2022-04-20,TTE,EQNR,252,0.1917764416981365
2022-04-21,TTE,EQNR,252,0.19048629635426154
2022-04-22,TTE,EQNR,252,0.1965202532058032
2022-04-25,TTE,EQNR,252,0.1994353998148827
2022-04-26,TTE,EQNR,252,0.1949407386897955
2022-04-27,TTE,EQNR,252,0.19328184599291146
2022-04-28,TTE,EQNR,252,0.18905905692813527
2022-04-29,TTE,EQNR,252,0.18334133326203328
2022-05-02,TTE,EQNR,252,0.1823685719819722
2022-05-03,TTE,EQNR,252,0.1855299397388438
2022-05-04,TTE,EQNR,252,0.18170376184626832
2022-05-05,TTE,EQNR,252,0.18051338312801363
2022-05-06,TTE,EQNR,252,0.18564793065903754
2022-05-09,TTE,EQNR,252,0.21220163871024683
2022-05-10,TTE,EQNR,252,0.21120427673768763
2022-05-11,TTE,EQNR,252,0.21656825451091238
2022-05-12,TTE,EQNR,252,0.21048480206559822
2022-05-13,TTE,EQNR,252,0.20647474880167277
2022-05-16,TTE,EQNR,252,0.21302770370327082
2022-05-17,TTE,EQNR,252,0.21560438990419206
2022-05-18,TTE,EQNR,252,0.21556984734940346
2022-05-19,TTE,EQNR,252,0.2173721606959653
2022-05-20,TTE,EQNR,252,0.21871738523393403
2022-05-23,TTE,EQNR,252,0.22965630269109674
2022-05-24,TTE,EQNR,252,0.23001554560350848
2022-05-25,TTE,EQNR,252,0.23737855667741142
2022-05-26,TTE,EQNR,252,0.23800503381352778
2022-05-27,TTE,EQNR,252,0.2385621549189574
2022-05-31,TTE,EQNR,252,0.2490695972250983
2022-06-01,TTE,EQNR,252,0.24737165265399638
2022-06-02,TTE,EQNR,252,0.24793222904792173
2022-06-03,TTE,EQNR,252,0.2462101319831879
2022-06-06,TTE,EQNR,252,0.2453851978988401
2022-06-07,TTE,EQNR,252,0.243833905935467
2022-06-08,TTE,EQNR,252,0.24236102012195326
2022-06-09,TTE,EQNR,252,0.24267580385713783
2022-06-10,TTE,EQNR,252,0.24724112406091506
2022-06-13,TTE,EQNR,252,0.2449238207628722
2022-06-14,TTE,EQNR,252,0.24440029874140282
2022-06-15,TTE,EQNR,252,0.24573334951648668
2022-06-16,TTE,EQNR,252,0.25014273691900607
2022-06-17,TTE,EQNR,252,0.23871522218938843
2022-06-21,TTE,EQNR,252,0.22844904766314106
2022-06-22,TTE,EQNR,252,0.23930059419075247
2022-06-23,TTE,EQNR,252,0.24577349056379935
2022-06-24,TTE,EQNR,252,0.24407809180122647
2022-06-27,TTE,EQNR,252,0.24254560376957698
2022-06-28,TTE,EQNR,252,0.24695751953092834
2022-06-29,TTE,EQNR,252,0.24986083854218588
2022-06-30,TTE,EQNR,252,0.25045139479719936
2022-07-01,TTE,EQNR,252,0.25070452041793606
2022-07-05,TTE,EQNR,252,0.2514858340077049
2022-07-06,TTE,EQNR,252,0.24692753780897403
2022-07-07,TTE,EQNR,252,0.24643032382169952
2022-07-08,TTE,EQNR,252,0.246112284155228
2022-07-11,TTE,EQNR,252,0.24517128648394382
2022-07-12,TTE,EQNR,252,0.24397306839090932
2022-07-13,TTE,EQNR,252,0.24097488153065894
2022-07-14,TTE,EQNR,252,0.25481267714917033
2022-07-15,TTE,EQNR,252,0.2590612923020383
2022-07-18,TTE,EQNR,252,0.26579966721047554
2022-07-19,TTE,EQNR,252,0.2583491540396084
2022-07-20,TTE,EQNR,252,0.25527813892554646
2022-07-21,TTE,EQNR,252,0.25587320818658005
2022-07-22,TTE,EQNR,252,0.2585623440475815
2022-07-25,TTE,EQNR,252,0.26125450327182353
2022-07-26,TTE,EQNR,252,0.2519357608183413
2022-07-27,TTE,EQNR,252,0.2530354977270762
2022-07-28,TTE,EQNR,252,0.24768466300655476
2022-07-29,TTE,EQNR,252,0.2563065663810849
2022-08-01,TTE,EQNR,252,0.25223354098428036
2022-08-02,TTE,EQNR,252,0.2538176514698942
2022-08-03,TTE,EQNR,252,0.2572609666546537
2022-08-04,TTE,EQNR,252,0.24811153962587376
2022-08-05,TTE,EQNR,252,0.24586297827598774
2022-08-08,TTE,EQNR,252,0.24157936999459903
2022-08-09,TTE,EQNR,252,0.2377149295310247
2022-08-10,TTE,EQNR,252,0.23646866009234518
2022-08-11,TTE,EQNR,252,0.2442782963072251
2022-08-12,TTE,EQNR,252,0.24321138922474603
2022-08-15,TTE,EQNR,252,0.24031274616447737
2022-08-16,TTE,EQNR,252,0.24037441981238286
2022-08-17,TTE,EQNR,252,0.2356592443739756
2022-08-18,TTE,EQNR,252,0.2349869048451399
2022-08-19,TTE,EQNR,252,0.23169488702043428
2022-08-22,TTE,EQNR,252,0.23398490345279768
2022-08-23,TTE,EQNR,252,0.22925979562857932
2022-08-24,TTE,EQNR,252,0.22834601729407014
2022-08-25,TTE,EQNR,252,0.2255537998547535
2022-08-26,TTE,EQNR,252,0.22494409194784645
2022-08-29,TTE,EQNR,252,0.22027657030129655
2022-08-30,TTE,EQNR,252,0.2130208695753228
2022-08-31,TTE,EQNR,252,0.21209236296428582
2022-09-01,TTE,EQNR,252,0.2159691508991011
2022-09-02,TTE,EQNR,252,0.21539360734549712
2022-09-06,TTE,EQNR,252,0.2187288957864369
2022-09-07,TTE,EQNR,252,0.22719962152285875
2022-09-08,TTE,EQNR,252,0.22599655724524886
2022-09-09,TTE,EQNR,252,0.2274355585354229
2022-09-12,TTE,EQNR,252,0.22607195820469997
2022-09-13,TTE,EQNR,252,0.22932886136692748
2022-09-14,TTE,EQNR,252,0.23206384140436442
2022-09-15,TTE,EQNR,252,0.23414530262686542
2022-09-16,TTE,EQNR,252,0.2355293482854285
2022-09-19,TTE,EQNR,252,0.23618271462117613
2022-09-20,TTE,EQNR,252,0.23577018947608488
2022-09-21,TTE,EQNR,252,0.23564001358662273
2022-09-22,TTE,EQNR,252,0.23561677390740007
2022-09-23,TTE,EQNR,252,0.258161052251362
2022-09-26,TTE,EQNR,252,0.2571502912637791
2022-09-27,TTE,EQNR,252,0.25679970988245593
2022-09-28,TTE,EQNR,252,0.2563766289349955
2022-09-29,TTE,EQNR,252,0.2541075503100117
2022-09-30,TTE,EQNR,252,0.2529996288021819
2022-10-03,TTE,EQNR,252,0.258662313464177
2022-10-04,TTE,EQNR,252,0.2622471952576952
2022-10-05,TTE,EQNR,252,0.2612672631475897
2022-10-06,TTE,EQNR,252,0.26083618239939804
2022-10-07,TTE,EQNR,252,0.2597763927652952
2022-10-10,TTE,EQNR,252,0.2562745551304704
2022-10-11,TTE,EQNR,252,0.25887841935432643
2022-10-12,TTE,EQNR,252,0.2594054267815426
2022-10-13,TTE,EQNR,252,0.26827796560369155
2022-10-14,TTE,EQNR,252,0.256846446196555
2022-10-17,TTE,EQNR,252,0.25674623424915166
2022-10-18,TTE,EQNR,252,0.2569317878297791
2022-10-19,TTE,EQNR,252,0.2567820466321386
2022-10-20,TTE,EQNR,252,0.2576253066830704
2022-10-21,TTE,EQNR,252,0.258602734559338
2022-10-24,TTE,EQNR,252,0.2584611642400652
2022-10-25,TTE,EQNR,252,0.2600356889097998
2022-10-26,TTE,EQNR,252,0.25918279151479445
2022-10-27,TTE,EQNR,252,0.26428176458948677
2022-10-28,TTE,EQNR,252,0.26664427648113875
2022-10-31,TTE,EQNR,252,0.26715602690549084
2022-11-01,TTE,EQNR,252,0.2685102936363108
2022-11-02,TTE,EQNR,252,0.26856228143076444
2022-11-03,TTE,EQNR,252,0.26862674085102933
2022-11-04,TTE,EQNR,252,0.27147971873562327
2022-11-07,TTE,EQNR,252,0.2717928859153554
2022-11-08,TTE,EQNR,252,0.2733738803961011
2022-11-09,TTE,EQNR,252,0.2716354050213741
2022-11-10,TTE,EQNR,252,0.27188141618464107
2022-11-11,TTE,EQNR,252,0.2714541492971112
2022-11-14,TTE,EQNR,252,0.26729182963996534
2022-11-15,TTE,EQNR,252,0.2637901743861037
2022-11-16,TTE,EQNR,252,0.2663090913839428
2022-11-17,TTE,EQNR,252,0.2661016418202153
2022-11-18,TTE,EQNR,252,0.2627291508104922
2022-11-21,TTE,EQNR,252,0.26151846739660906
2022-11-22,TTE,EQNR,252,0.2635587537069461
2022-11-23,TTE,EQNR,252,0.2627541353785921
2022-11-25,TTE,EQNR,252,0.26471963344381666
2022-11-28,TTE,EQNR,252,0.2602146262595281
2022-11-29,TTE,EQNR,252,0.2589691746565515
2022-11-30,TTE,EQNR,252,0.2607712981898175
2022-12-01,TTE,EQNR,252,0.2605952284674259
2022-12-02,TTE,EQNR,252,0.26199132074937914
2022-12-05,TTE,EQNR,252,0.26153028318747784
2022-12-06,TTE,EQNR,252,0.25942348048791264
2022-12-07,TTE,EQNR,252,0.26412897115957146
2022-12-08,TTE,EQNR,252,0.26428693256249597
2022-12-09,TTE,EQNR,252,0.2692616879113668
2022-12-12,TTE,EQNR,252,0.2691771329686231
2022-12-13,TTE,EQNR,252,0.275657762781388
2022-12-14,TTE,EQNR,252,0.2760992247914271
2022-12-15,TTE,EQNR,252,0.2788143492443654
2022-12-16,TTE,EQNR,252,0.2785695738443978
2022-12-19,TTE,EQNR,252,0.2777793380224014
2022-12-20,TTE,EQNR,252,0.27872673876207976
2022-12-21,TTE,EQNR,252,0.2790348132706956
2022-12-22,TTE,EQNR,252,0.27894837084621815
2022-12-23,TTE,EQNR,252,0.2808105864141148
2022-12-27,TTE,EQNR,252,0.2806333554946673
2022-12-28,TTE,EQNR,252,0.2792508273265952
2022-12-29,TTE,EQNR,252,0.27943653559446996
2022-12-30,TTE,EQNR,252,0.2769516810905801
2023-01-03,TTE,EQNR,252,0.28871639045615893
2023-01-04,TTE,EQNR,252,0.2897545596785293
2023-01-05,TTE,EQNR,252,0.290785422229022
2023-01-06,TTE,EQNR,252,0.29193468183609794
2023-01-09,TTE,EQNR,252,0.2907887578390864
2023-01-10,TTE,EQNR,252,0.29127371696717025
2023-01-11,TTE,EQNR,252,0.2957174512125302
2023-01-12,TTE,EQNR,252,0.2946131669505052
2023-01-13,TTE,EQNR,252,0.29442977015658006
2023-01-17,TTE,EQNR,252,0.29365533875910427
2023-01-18,TTE,EQNR,252,0.29949726632854506
2023-01-19,TTE,EQNR,252,0.30053102712122215
2023-01-20,TTE,EQNR,252,0.30067052552240003
2023-01-23,TTE,EQNR,252,0.3007372587458304
2023-01-24,TTE,EQNR,252,0.2965960774435445
2023-01-25,TTE,EQNR,252,0.2958275943555141
2023-01-26,TTE,EQNR,252,0.2950561427667385
2023-01-27,TTE,EQNR,252,0.3020053821521176
2023-01-30,TTE,EQNR,252,0.3014840373148684
2023-01-31,TTE,EQNR,252,0.29798433208494784
2023-02-01,TTE,EQNR,252,0.2978688875841317
2023-02-02,TTE,EQNR,252,0.30308953391127064
2023-02-03,TTE,EQNR,252,0.30197963157274965
2023-02-06,TTE,EQNR,252,0.3038795758753662
2023-02-07,TTE,EQNR,252,0.30580738834156057
2023-02-08,TTE,EQNR,252,0.30358011007812846
2023-02-09,TTE,EQNR,252,0.3049383152353583
2023-02-10,TTE,EQNR,252,0.31078446688832945
2023-02-13,TTE,EQNR,252,0.3148532709822484
2023-02-14,TTE,EQNR,252,0.322872578328205
2023-02-15,TTE,EQNR,252,0.3216245172402847
2023-02-16,TTE,EQNR,252,0.3328275809747028
2023-02-17,TTE,EQNR,252,0.3378849038865645
2023-02-21,TTE,EQNR,252,0.3384383821934504
2023-02-22,TTE,EQNR,252,0.3389508429451281
2023-02-23,TTE,EQNR,252,0.34323727422816686
2023-02-24,TTE,EQNR,252,0.3380944380774343
2023-02-27,TTE,EQNR,252,0.33890033369795036
2023-02-28,TTE,EQNR,252,0.34020037098346345
2023-03-01,TTE,EQNR,252,0.35564329149575824
2023-03-02,TTE,EQNR,252,0.37135578087222143
2023-03-03,TTE,EQNR,252,0.37517515942562013
2023-03-06,TTE,EQNR,252,0.36809323947890454
2023-03-07,TTE,EQNR,252,0.38304833391309334
2023-03-08,TTE,EQNR,252,0.3836032563581341
2023-03-09,TTE,EQNR,252,0.3840741917354349
2023-03-10,TTE,EQNR,252,0.39297256618043924
2023-03-13,TTE,EQNR,252,0.39653484140634804
2023-03-14,TTE,EQNR,252,0.3912835930563472
2023-03-15,TTE,EQNR,252,0.3998716297898114
2023-03-16,TTE,EQNR,252,0.40085350449001866
2023-03-17,TTE,EQNR,252,0.4042371628030427
2023-03-20,TTE,EQNR,252,0.42616676500099454
2023-03-21,TTE,EQNR,252,0.42778019194825057
2023-03-22,TTE,EQNR,252,0.42458189282554337
2023-03-23,TTE,EQNR,252,0.42345562759235156
2023-03-24,TTE,EQNR,252,0.42103947397676195
2023-03-27,TTE,EQNR,252,0.42101112265702656
2023-03-28,TTE,EQNR,252,0.420426218632506
2023-03-29,TTE,EQNR,252,0.42124598625601734
2023-03-30,TTE,EQNR,252,0.4220035278098388
2023-03-31,TTE,EQNR,252,0.41916401531378117
2023-04-03,TTE,EQNR,252,0.4305935113717071
2023-04-04,TTE,EQNR,252,0.4307719355077582
2023-04-05,TTE,EQNR,252,0.43083785146771797
2023-04-06,TTE,EQNR,252,0.42539503647119087
2023-04-10,TTE,EQNR,252,0.4319798744770233
2023-04-11,TTE,EQNR,252,0.43227799991205273
2023-04-12,TTE,EQNR,252,0.4330187292664937
2023-04-13,TTE,EQNR,252,0.4582985217028574
2023-04-14,TTE,EQNR,252,0.4644079391031717
2023-04-17,TTE,EQNR,252,0.4640396746529579
2023-04-18,TTE,EQNR,252,0.4635618747908103
2023-04-19,TTE,EQNR,252,0.4635324323107436
2023-04-20,TTE,EQNR,252,0.4622043400736697
2023-04-21,TTE,EQNR,252,0.46220372176957975
2023-04-24,TTE,EQNR,252,0.46547955169410743
2023-04-25,TTE,EQNR,252,0.46341500931490454
2023-04-26,TTE,EQNR,252,0.46228446717538246
2023-04-27,TTE,EQNR,252,0.46870958589728684
2023-04-28,TTE,EQNR,252,0.46770465422798924
2023-05-01,TTE,EQNR,252,0.47311741108015204
2023-05-02,TTE,EQNR,252,0.4824438163094217
2023-05-03,TTE,EQNR,252,0.4815471629519237
2023-05-04,TTE,EQNR,252,0.47921794253328803
2023-05-05,TTE,EQNR,252,0.4792551330623214
2023-05-08,TTE,EQNR,252,0.4805815808528135
2023-05-09,TTE,EQNR,252,0.47767942670118974
2023-05-10,TTE,EQNR,252,0.4611445521451577
2023-05-11,TTE,EQNR,252,0.46220839826043236
2023-05-12,TTE,EQNR,252,0.46137078444889834
2023-05-15,TTE,EQNR,252,0.46996617558048187
2023-05-16,TTE,EQNR,252,0.4705915229108645
2023-05-17,TTE,EQNR,252,0.4707320098704616
2023-05-18,TTE,EQNR,252,0.47030413061287485
2023-05-19,TTE,EQNR,252,0.4700654557228262
2023-05-22,TTE,EQNR,252,0.4703346794112902
2023-05-23,TTE,EQNR,252,0.4704068611710484
2023-05-24,TTE,EQNR,252,0.46310142108637514
2023-05-25,TTE,EQNR,252,0.4677712099237656
2023-05-26,TTE,EQNR,252,0.46249739459751427
2023-05-30,TTE,EQNR,252,0.46379599566295504
2023-05-31,TTE,EQNR,252,0.46480518285674527
2023-06-01,TTE,EQNR,252,0.4666399780940589
2023-06-02,TTE,EQNR,252,0.4718759664841674
2023-06-05,TTE,EQNR,252,0.46895052083877437
2023-06-06,TTE,EQNR,252,0.4701618880999192
2023-06-07,TTE,EQNR,252,0.4731593018505353
2023-06-08,TTE,EQNR,252,0.48037109499885133
2023-06-09,TTE,EQNR,252,0.481019462677285
2023-06-12,TTE,EQNR,252,0.48185226159572014
2023-06-13,TTE,EQNR,252,0.47980319386351666
2023-06-14,TTE,EQNR,252,0.48429774971191253
2023-06-15,TTE,EQNR,252,0.48337739082450615
2023-06-16,TTE,EQNR,252,0.4794764602469926
2023-06-20,TTE,EQNR,252,0.4764493320718534
2023-06-21,TTE,EQNR,252,0.47561163550997404
2023-06-22,TTE,EQNR,252,0.4814269025179951
2023-06-23,TTE,EQNR,252,0.4753021202602694
2023-06-26,TTE,EQNR,252,0.47442066933523114
2023-06-27,TTE,EQNR,252,0.4744462682043477
2023-06-28,TTE,EQNR,252,0.4785855107699883
2023-06-29,TTE,EQNR,252,0.4708008442459293
2023-06-30,TTE,EQNR,252,0.4689430386741323
2023-07-03,TTE,EQNR,252,0.46990174790097977
2023-07-05,TTE,EQNR,252,0.4706993257668067
2023-07-06,TTE,EQNR,252,0.476403917929651
2023-07-07,TTE,EQNR,252,0.48284981880812133
2023-07-10,TTE,EQNR,252,0.4831593971302459
2023-07-11,TTE,EQNR,252,0.4834907150132227
2023-07-12,TTE,EQNR,252,0.48425476345927654
2023-07-13,TTE,EQNR,252,0.48620988567891865
2023-07-14,TTE,EQNR,252,0.49307213174079184
2023-07-17,TTE,EQNR,252,0.4809929929973817
2023-07-18,TTE,EQNR,252,0.4784914905326382
2023-07-19,TTE,EQNR,252,0.4683662596678567
2023-07-20,TTE,EQNR,252,0.4731888416377606
2023-07-21,TTE,EQNR,252,0.4777297602118999
2023-07-24,TTE,EQNR,252,0.47887301550538064
2023-07-25,TTE,EQNR,252,0.4778927036512323
2023-07-26,TTE,EQNR,252,0.47244873322893377
2023-07-27,TTE,EQNR,252,0.4785816787180833
2023-07-28,TTE,EQNR,252,0.4778117548787232
2023-07-31,TTE,EQNR,252,0.493939775587679
2023-08-01,TTE,EQNR,252,0.48837321116637217
2023-08-02,TTE,EQNR,252,0.49315218744826006
2023-08-03,TTE,EQNR,252,0.4903820437262308
2023-08-04,TTE,EQNR,252,0.48974837282270484
2023-08-07,TTE,EQNR,252,0.512691631540646
2023-08-08,TTE,EQNR,252,0.5262279995846243
2023-08-09,TTE,EQNR,252,0.5372597428898913
2023-08-10,TTE,EQNR,252,0.5395437224619086
2023-08-11,TTE,EQNR,252,0.5385073146181908
2023-08-14,TTE,EQNR,252,0.5336433008671038
2023-08-15,TTE,EQNR,252,0.5337970291393892
2023-08-16,TTE,EQNR,252,0.537443230302811
2023-08-17,TTE,EQNR,252,0.5388077770850311
2023-08-18,TTE,EQNR,252,0.5525357255231245
2023-08-21,TTE,EQNR,252,0.5549594276152
2023-08-22,TTE,EQNR,252,0.5579587342300759
2023-08-23,TTE,EQNR,252,0.5552275798159272
2023-08-24,TTE,EQNR,252,0.5615166468173375
2023-08-25,TTE,EQNR,252,0.5633772453013188
2023-08-28,TTE,EQNR,252,0.5704460544509552
2023-08-29,TTE,EQNR,252,0.5771367382852443
2023-08-30,TTE,EQNR,252,0.5776866245880625
2023-08-31,TTE,EQNR,252,0.5920289177390313
2023-09-01,TTE,EQNR,252,0.5965298734992016
2023-09-05,TTE,EQNR,252,0.5928801954582286
2023-09-06,TTE,EQNR,252,0.5883761802425639
2023-09-07,TTE,EQNR,252,0.5852879640964962
2023-09-08,TTE,EQNR,252,0.5794038670618812
2023-09-11,TTE,EQNR,252,0.5799775938912265
2023-09-12,TTE,EQNR,252,0.5831968401586426
2023-09-13,TTE,EQNR,252,0.586333358754829
2023-09-14,TTE,EQNR,252,0.5826833071006754
2023-09-15,TTE,EQNR,252,0.5803510305732246
2023-09-18,TTE,EQNR,252,0.577585460026661
2023-09-19,TTE,EQNR,252,0.5764905181350487
2023-09-20,TTE,EQNR,252,0.5760918377589049
2023-09-21,TTE,EQNR,252,0.5774014851848901
2023-09-22,TTE,EQNR,252,0.5777002670336431
2023-09-25,TTE,EQNR,252,0.578415321450432
2023-09-26,TTE,EQNR,252,0.5572187717624146
2023-09-27,TTE,EQNR,252,0.5576672211352529
2023-09-28,TTE,EQNR,252,0.5528812204291506
2023-09-29,TTE,EQNR,252,0.5521660036394481
2023-10-02,TTE,EQNR,252,0.5550880539995906
2023-10-03,TTE,EQNR,252,0.5549881047641796
2023-10-04,TTE,EQNR,252,0.5492867984498965
2023-10-05,TTE,EQNR,252,0.5447049413356202
2023-10-06,TTE,EQNR,252,0.5463782026091375
2023-10-09,TTE,EQNR,252,0.5492498628558625
2023-10-10,TTE,EQNR,252,0.5504222258338002
2023-10-11,TTE,EQNR,252,0.5501985260626994
2023-10-12,TTE,EQNR,252,0.5494091385627394
2023-10-13,TTE,EQNR,252,0.5477794280858095
2023-10-16,TTE,EQNR,252,0.5419593949220993
2023-10-17,TTE,EQNR,252,0.5645499687290291
2023-10-18,TTE,EQNR,252,0.5655461518368644
2023-10-19,TTE,EQNR,252,0.5648965527363522
2023-10-20,TTE,EQNR,252,0.5659157292921049
2023-10-23,TTE,EQNR,252,0.5683534743636773
2023-10-24,TTE,EQNR,252,0.5719676198941833
2023-10-25,TTE,EQNR,252,0.570759544547336
2023-10-26,TTE,EQNR,252,0.5693699808207286
2023-10-27,TTE,EQNR,252,0.5728521022564032
2023-10-30,TTE,EQNR,252,0.5718915569543463
2023-10-31,TTE,EQNR,252,0.5668103740223801
2023-11-01,TTE,EQNR,252,0.565617343877197
2023-11-02,TTE,EQNR,252,0.5632176940570207
2023-11-03,TTE,EQNR,252,0.5649391197155779
2023-11-06,TTE,EQNR,252,0.5646995575341139
2023-11-07,TTE,EQNR,252,0.5651935668690157
2023-11-08,TTE,EQNR,252,0.5648909091258255
2023-11-09,TTE,EQNR,252,0.5612842925046755
2023-11-10,TTE,EQNR,252,0.5678479410574044
2023-11-13,TTE,EQNR,252,0.5694128113646
2023-11-14,TTE,EQNR,252,0.5694534726322804
2023-11-15,TTE,EQNR,252,0.5734864898387619
2023-11-16,TTE,EQNR,252,0.5822246949347173
2023-11-17,TTE,EQNR,252,0.5883710275101909
2023-11-20,TTE,EQNR,252,0.5894097554149625
2023-11-21,TTE,EQNR,252,0.5928931212366471
2023-11-22,TTE,EQNR,252,0.593411514741968
2023-11-24,TTE,EQNR,252,0.5939947620151369
2023-11-27,TTE,EQNR,252,0.5940045061061667
2023-11-28,TTE,EQNR,252,0.591686129985625
2023-11-29,TTE,EQNR,252,0.5914966676099247
2023-11-30,TTE,EQNR,252,0.593420612710146
2023-12-01,TTE,EQNR,252,0.5911968523740656
2023-12-04,TTE,EQNR,252,0.5960198312156981
2023-12-05,TTE,EQNR,252,0.591465472021736
2023-12-06,TTE,EQNR,252,0.5948809229072255
2023-12-07,TTE,EQNR,252,0.5926385398098407
2023-12-08,TTE,EQNR,252,0.5941959865078573
2023-12-11,TTE,EQNR,252,0.5946390280896475
2023-12-12,TTE,EQNR,252,0.593111122444016
2023-12-13,TTE,EQNR,252,0.5923176449456201
2023-12-14,TTE,EQNR,252,0.5891052926710181
2023-12-15,TTE,EQNR,252,0.5906836722412087
2023-12-18,TTE,EQNR,252,0.5927975287021426
2023-12-19,TTE,EQNR,252,0.5910873131214207
2023-12-20,TTE,EQNR,252,0.5929361769733748
2023-12-21,TTE,EQNR,252,0.5916307000901684
2023-12-22,TTE,EQNR,252,0.5898595581463932
2023-12-26,TTE,EQNR,252,0.5916529524374265
2023-12-27,TTE,EQNR,252,0.5904172317132299
2023-12-28,TTE,EQNR,252,0.5918319813731145
2023-12-29,TTE,EQNR,252,0.5943637890591887
2024-01-02,TTE,EQNR,252,0.5935650225531656
2024-01-03,TTE,EQNR,252,0.600825359944675
2024-01-04,TTE,EQNR,252,0.5920585991976665
2024-01-05,TTE,EQNR,252,0.5897490476287001
2024-01-08,TTE,EQNR,252,0.587315457479929
2024-01-09,TTE,EQNR,252,0.5897840395378531
2024-01-10,TTE,EQNR,252,0.590757591632712
2024-01-11,TTE,EQNR,252,0.5905550137372917
2024-01-12,TTE,EQNR,252,0.59245105372813
2024-01-16,TTE,EQNR,252,0.5996027837314112
2024-01-17,TTE,EQNR,252,0.5993617307282955
2024-01-18,TTE,EQNR,252,0.601502100063337
2024-01-19,TTE,EQNR,252,0.6012117921100097
2024-01-22,TTE,EQNR,252,0.6035611218879255
2024-01-23,TTE,EQNR,252,0.6039384489578976
2024-01-24,TTE,EQNR,252,0.6047371820109648
2024-01-25,TTE,EQNR,252,0.6019206392418022
2024-01-26,TTE,EQNR,252,0.607381222556565
2024-01-29,TTE,EQNR,252,0.6089730246064603
2024-01-30,TTE,EQNR,252,0.6098013628975867
2024-01-31,TTE,EQNR,252,0.6125160330686874
2024-02-01,TTE,EQNR,252,0.6221402406596553
2024-02-02,TTE,EQNR,252,0.6206883620925804
2024-02-05,TTE,EQNR,252,0.6125927277855643
2024-02-06,TTE,EQNR,252,0.6146878150324745
2024-02-07,TTE,EQNR,252,0.6147258426885157
2024-02-08,TTE,EQNR,252,0.6104357135127834
2024-02-09,TTE,EQNR,252,0.612830912949274
2024-02-12,TTE,EQNR,252,0.6126296669687521
2024-02-13,TTE,EQNR,252,0.5956545002095569
2024-02-14,TTE,EQNR,252,0.5937512918088815
2024-02-15,TTE,EQNR,252,0.6019012564517106
2024-02-16,TTE,EQNR,252,0.6006805539228758
2024-02-20,TTE,EQNR,252,0.6045811925996857
2024-02-21,TTE,EQNR,252,0.5995875065884424
2024-02-22,TTE,EQNR,252,0.6011392377008608
2024-02-23,TTE,EQNR,252,0.6008218578510958
2024-02-26,TTE,EQNR,252,0.6003847082128244
2024-02-27,TTE,EQNR,252,0.603223717427617
2024-02-28,TTE,EQNR,252,0.6038571293767
2024-02-29,TTE,EQNR,252,0.6024225970683343
2024-03-01,TTE,EQNR,252,0.6030146299365697
2024-03-04,TTE,EQNR,252,0.6028661329019535
2024-03-05,TTE,EQNR,252,0.5977975604661168
2024-03-06,TTE,EQNR,252,0.5995610759204958
2024-03-07,TTE,EQNR,252,0.5974719371308973
2024-03-08,TTE,EQNR,252,0.5966644161636426
2024-03-11,TTE,EQNR,252,0.5955472010023399
2024-03-12,TTE,EQNR,252,0.596399575079344
2024-03-13,TTE,EQNR,252,0.5937556683349701
2024-03-14,TTE,EQNR,252,0.5993618436909874
2024-03-15,TTE,EQNR,252,0.5868078803526334
2024-03-18,TTE,EQNR,252,0.5833911256633337
2024-03-19,TTE,EQNR,252,0.5765238464207622
2024-03-20,TTE,EQNR,252,0.5767622265861961
2024-03-21,TTE,EQNR,252,0.5736571209820951
2024-03-22,TTE,EQNR,252,0.5841086175482153
2024-03-25,TTE,EQNR,252,0.5883309426705293
2024-03-26,TTE,EQNR,252,0.5890720403373045
2024-03-27,TTE,EQNR,252,0.5926731696219322
2024-03-28,TTE,EQNR,252,0.5876626018662514
2024-04-01,TTE,EQNR,252,0.5874456679418082
2024-04-02,TTE,EQNR,252,0.5889164084019881
2024-04-03,TTE,EQNR,252,0.5887761885075459
2024-04-04,TTE,EQNR,252,0.5659694516190618
2024-04-05,TTE,EQNR,252,0.5654137188584385
2024-04-08,TTE,EQNR,252,0.564417831120999
2024-04-09,TTE,EQNR,252,0.5754378200030442
2024-04-10,TTE,EQNR,252,0.5747933518832256
2024-04-11,TTE,EQNR,252,0.575600218173227
2024-04-12,TTE,EQNR,252,0.574387379005987
2024-04-15,TTE,EQNR,252,0.5750784676669243
2024-04-16,TTE,EQNR,252,0.5749029077467278
2024-04-17,TTE,EQNR,252,0.5751141596781503
2024-04-18,TTE,EQNR,252,0.5751381194093971
2024-04-19,TTE,EQNR,252,0.57273050459993
2024-04-22,TTE,EQNR,252,0.5704147815069026
2024-04-23,TTE,EQNR,252,0.5695840166005238
2024-04-24,TTE,EQNR,252,0.5666816331943385
2024-04-25,TTE,EQNR,252,0.5572211247517183
2024-04-26,TTE,EQNR,252,0.5562798583552367
2024-04-29,TTE,EQNR,252,0.5526972289461332
2024-04-30,TTE,EQNR,252,0.5548218866386729
2024-05-01,TTE,EQNR,252,0.5527245786123268
2024-05-02,TTE,EQNR,252,0.533421440281484
2024-05-03,TTE,EQNR,252,0.5336576504054112
2024-05-06,TTE,EQNR,252,0.533716107627391
2024-05-07,TTE,EQNR,252,0.5366665200786236
2024-05-08,TTE,EQNR,252,0.5367056347489589
2024-05-09,TTE,EQNR,252,0.5378017087390513
2024-05-10,TTE,EQNR,252,0.5391950909230466
2024-05-13,TTE,EQNR,252,0.5357399881327456
2024-05-14,TTE,EQNR,252,0.5363410770554184
2024-05-15,TTE,EQNR,252,0.5371081599480122
2024-05-16,TTE,EQNR,252,0.5381734826266789
2024-05-17,TTE,EQNR,252,0.5381620875712724
2024-05-20,TTE,EQNR,252,0.5364431990815871
2024-05-21,TTE,EQNR,252,0.5379252649834928
2024-05-22,TTE,EQNR,252,0.5381422443152633
2024-05-23,TTE,EQNR,252,0.5357269785964938
2024-05-24,TTE,EQNR,252,0.5283761790592248
2024-05-28,TTE,EQNR,252,0.5154050295753421
2024-05-29,TTE,EQNR,252,0.5132216081205959
2024-05-30,TTE,EQNR,252,0.5043562273905668
2024-05-31,TTE,EQNR,252,0.5059891083453981
2024-06-03,TTE,EQNR,252,0.5032895250267228
2024-06-04,TTE,EQNR,252,0.4985055735557186
2024-06-05,TTE,EQNR,252,0.5058964301476608
2024-06-06,TTE,EQNR,252,0.5028006360055269
2024-06-07,TTE,EQNR,252,0.5014031832494454
2024-06-10,TTE,EQNR,252,0.5039517837393175
2024-06-11,TTE,EQNR,252,0.5025398234479619
2024-06-12,TTE,EQNR,252,0.5030857140251439
2024-06-13,TTE,EQNR,252,0.5049300089143042
2024-06-14,TTE,EQNR,252,0.5065233832359846
2024-06-17,TTE,EQNR,252,0.5117658358251557
2024-06-18,TTE,EQNR,252,0.5128274516239011
2024-06-20,TTE,EQNR,252,0.5137144833974299
2024-06-21,TTE,EQNR,252,0.5164120110457824
2024-06-24,TTE,EQNR,252,0.510305036419638
2024-06-25,TTE,EQNR,252,0.5059711169234832
2024-06-26,TTE,EQNR,252,0.5062011558435198
2024-06-27,TTE,EQNR,252,0.5055050984066967
2024-06-28,TTE,EQNR,252,0.5035784249285975
2024-07-01,TTE,EQNR,252,0.5039339442202254
2024-07-02,TTE,EQNR,252,0.5009947773126424
2024-07-03,TTE,EQNR,252,0.5044059605532294
2024-07-05,TTE,EQNR,252,0.5049246355818119
2024-07-08,TTE,EQNR,252,0.4937529326110731
2024-07-09,TTE,EQNR,252,0.4912725139592511
2024-07-10,TTE,EQNR,252,0.4906888419990476
2024-07-11,TTE,EQNR,252,0.48140003092049644
2024-07-12,TTE,EQNR,252,0.4806206143494616
2024-07-15,TTE,EQNR,252,0.4813155018422348
2024-07-16,TTE,EQNR,252,0.47632123920457425
2024-07-17,TTE,EQNR,252,0.4781851938252913
2024-07-18,TTE,EQNR,252,0.47670718333778017
2024-07-19,TTE,EQNR,252,0.4793344708021368
2024-07-22,TTE,EQNR,252,0.4744629787587728
2024-07-23,TTE,EQNR,252,0.47990421203639944
2024-07-24,TTE,EQNR,252,0.47732802858877743
2024-07-25,TTE,EQNR,252,0.47930773561492374
2024-07-26,TTE,EQNR,252,0.4813693318373604
2024-07-29,TTE,EQNR,252,0.4776228551055487
2024-07-30,TTE,EQNR,252,0.4790020371111967
2024-07-31,TTE,EQNR,252,0.4767854362003591
2024-08-01,TTE,EQNR,252,0.4761452725829288
2024-08-02,TTE,EQNR,252,0.4738197970404853
2024-08-05,TTE,EQNR,252,0.48832850128386507
2024-08-06,TTE,EQNR,252,0.4810634872161845
2024-08-07,TTE,EQNR,252,0.48501433615781037
2024-08-08,TTE,EQNR,252,0.4862579146418447
2024-08-09,TTE,EQNR,252,0.47617881559934483
2024-08-12,TTE,EQNR,252,0.4818536306736754
2024-08-13,TTE,EQNR,252,0.48153417028164935
2024-08-14,TTE,EQNR,252,0.48232435809125224
2024-08-15,TTE,EQNR,252,0.48207371017307643
2024-08-16,TTE,EQNR,252,0.48381806694241036
2024-08-19,TTE,EQNR,252,0.4843811163641947
2024-08-20,TTE,EQNR,252,0.4854079686207162
2024-08-21,TTE,EQNR,252,0.4847211317777641
2024-08-22,TTE,EQNR,252,0.4875836541613894
2024-08-23,TTE,EQNR,252,0.4750550856415319
2024-08-26,TTE,EQNR,252,0.4662117483761531
2024-08-27,TTE,EQNR,252,0.46562292112568965
2024-08-28,TTE,EQNR,252,0.4600057194947216
2024-08-29,TTE,EQNR,252,0.45663424177049083
2024-08-30,TTE,EQNR,252,0.4582931833932744
2024-09-03,TTE,EQNR,252,0.4701885140534874
2024-09-04,TTE,EQNR,252,0.4628497883750736
2024-09-05,TTE,EQNR,252,0.463081856450579
2024-09-06,TTE,EQNR,252,0.46467178176850255
2024-09-09,TTE,EQNR,252,0.46480217985688504
2024-09-10,TTE,EQNR,252,0.46349562551251855
2024-09-11,TTE,EQNR,252,0.46316810345045967
2024-09-12,TTE,EQNR,252,0.46679234113344
2024-09-13,TTE,EQNR,252,0.4684142755476255
2024-09-16,TTE,EQNR,252,0.4718484718722842
2024-09-17,TTE,EQNR,252,0.4724302100179627
2024-09-18,TTE,EQNR,252,0.47221382368954473
2024-09-19,TTE,EQNR,252,0.46585576845775095
2024-09-20,TTE,EQNR,252,0.46576121142641524
2024-09-23,TTE,EQNR,252,0.4561056455738678
2024-09-24,TTE,EQNR,252,0.4559121126927699
2024-09-25,TTE,EQNR,252,0.4613712207008193
2024-09-26,TTE,EQNR,252,0.4656438763070081
2024-09-27,TTE,EQNR,252,0.4653573656389226
2024-09-30,TTE,EQNR,252,0.46835606921699297
2024-10-01,TTE,EQNR,252,0.4628502480552501
2024-10-02,TTE,EQNR,252,0.4641125476501961
2024-10-03,TTE,EQNR,252,0.4641881180556617
2024-10-04,TTE,EQNR,252,0.45874204975152977
2024-10-07,TTE,EQNR,252,0.44265907627472223
2024-10-08,TTE,EQNR,252,0.4442713163123238
2024-10-09,TTE,EQNR,252,0.4371553550490909
2024-10-10,TTE,EQNR,252,0.43586199497861916
2024-10-11,TTE,EQNR,252,0.43621316699551616
2024-10-14,TTE,EQNR,252,0.43561379556880125
2024-10-15,TTE,EQNR,252,0.4576825256742858
2024-10-16,TTE,EQNR,252,0.4586489273010114
2024-10-17,TTE,EQNR,252,0.458864911581137
2024-10-18,TTE,EQNR,252,0.45759190886793494
2024-10-21,TTE,EQNR,252,0.4577535869334813
2024-10-22,TTE,EQNR,252,0.4467462091654888
2024-10-23,TTE,EQNR,252,0.4412846790287959
2024-10-24,TTE,EQNR,252,0.44135778509211004
2024-10-25,TTE,EQNR,252,0.4452637808912756
2024-10-28,TTE,EQNR,252,0.44617218614245036
2024-10-29,TTE,EQNR,252,0.44183637352108435
2024-10-30,TTE,EQNR,252,0.4419992631665274
2024-10-31,TTE,EQNR,252,0.4488919213619391
2024-11-01,TTE,EQNR,252,0.4473373649623467
2024-11-04,TTE,EQNR,252,0.44696001137501556
2024-11-05,TTE,EQNR,252,0.4430418927929007
2024-11-06,TTE,EQNR,252,0.44404819562295095
2024-11-07,TTE,EQNR,252,0.44133578074014024
2024-11-08,TTE,EQNR,252,0.4401030377271768
2024-11-11,TTE,EQNR,252,0.4414806103237903
2024-11-12,TTE,EQNR,252,0.43976074485594585
2024-11-13,TTE,EQNR,252,0.439191053523758
2024-11-14,TTE,EQNR,252,0.4415370603073102
2024-11-15,TTE,EQNR,252,0.44348993528374825
2024-11-18,TTE,EQNR,252,0.4403068411622334
2024-11-19,TTE,EQNR,252,0.43492199562822415
2024-11-20,TTE,EQNR,252,0.4138135107356135
2024-11-21,TTE,EQNR,252,0.41466846033060456
2024-11-22,TTE,EQNR,252,0.4135854811278806
2024-11-25,TTE,EQNR,252,0.4104151741005672
2024-11-26,TTE,EQNR,252,0.4094144615578597
2024-11-27,TTE,EQNR,252,0.39912119868533624
2024-11-29,TTE,EQNR,252,0.3957324678631554
2024-12-02,TTE,EQNR,252,0.39860862349465453
2024-12-03,TTE,EQNR,252,0.3955145199995249
2024-12-04,TTE,EQNR,252,0.3820292896294272
2024-12-05,TTE,EQNR,252,0.3815351233758994
2024-12-06,TTE,EQNR,252,0.3894960328864849
2024-12-09,TTE,EQNR,252,0.39663606155783376
2024-12-10,TTE,EQNR,252,0.3952594903666691
2024-12-11,TTE,EQNR,252,0.39549267923404574
2024-12-12,TTE,EQNR,252,0.39353458278292003
2024-12-13,TTE,EQNR,252,0.39484032564917904
2024-12-16,TTE,EQNR,252,0.39832395422578176
2024-12-17,TTE,EQNR,252,0.396238926881134
2024-12-18,TTE,EQNR,252,0.395280950563996
2024-12-19,TTE,EQNR,252,0.39508384280146763
2024-12-20,TTE,EQNR,252,0.3930631229306409
2024-12-23,TTE,EQNR,252,0.3928043054599424
2024-12-24,TTE,EQNR,252,0.3924771525659021
2024-12-26,TTE,EQNR,252,0.3893764805334652
2024-12-27,TTE,EQNR,252,0.3937864043198794
2024-12-30,TTE,EQNR,252,0.3882818610551639
2024-12-31,TTE,EQNR,252,0.39070323892504377
2025-01-02,TTE,EQNR,252,0.4010788228585259
2025-01-03,TTE,EQNR,252,0.4002712577419119
2025-01-06,TTE,EQNR,252,0.39573012388041595
2025-01-07,TTE,EQNR,252,0.3987165139373418
2025-01-08,TTE,EQNR,252,0.4023301892470919
2025-01-10,TTE,EQNR,252,0.40049721450775805
2025-01-13,TTE,EQNR,252,0.39957622035551055
2025-01-14,TTE,EQNR,252,0.397564197955573
2025-01-15,TTE,EQNR,252,0.3949538090130302
2025-01-16,TTE,EQNR,252,0.3727891200783572
2025-01-17,TTE,EQNR,252,0.3725395567348297
2025-01-21,TTE,EQNR,252,0.37283245625826966
2025-01-22,TTE,EQNR,252,0.3711888941270877
2025-01-23,TTE,EQNR,252,0.3701429075493711
2025-01-24,TTE,EQNR,252,0.36776233776988954
2025-01-27,TTE,EQNR,252,0.36564913244387826
2025-01-28,TTE,EQNR,252,0.366675691368488
2025-01-29,TTE,EQNR,252,0.36236256153382695
2025-01-30,TTE,EQNR,252,0.3632238358530034
2025-01-31,TTE,EQNR,252,0.3618517342401111
2025-02-03,TTE,EQNR,252,0.36095455708354696
2025-02-04,TTE,EQNR,252,0.3762517674865935
2025-02-05,TTE,EQNR,252,0.3603440114738942
2025-02-06,TTE,EQNR,252,0.3633478750957696
2025-02-07,TTE,EQNR,252,0.36545411830651914
2025-02-10,TTE,EQNR,252,0.350597698021281
2025-02-11,TTE,EQNR,252,0.35400179811810645
2025-02-12,TTE,EQNR,252,0.3530522856032716
2025-02-13,TTE,EQNR,252,0.35501333485376113
2025-02-14,TTE,EQNR,252,0.36151715465331347
2025-02-18,TTE,EQNR,252,0.3626505845195663
2025-02-19,TTE,EQNR,252,0.360954511966943
2025-02-20,TTE,EQNR,252,0.36280333800381454
2025-02-21,TTE,EQNR,252,0.3582644247812418
2025-02-24,TTE,EQNR,252,0.35615167974008927
2025-02-25,TTE,EQNR,252,0.3560117093372137
2025-02-26,TTE,EQNR,252,0.3591227129023669
2025-02-27,TTE,EQNR,252,0.35680379952473945
2025-02-28,TTE,EQNR,252,0.35221643494904575
2025-03-03,TTE,EQNR,252,0.3474623028324466
2025-03-04,TTE,EQNR,252,0.34762312259625583
2025-03-05,TTE,EQNR,252,0.3443042986481327
2025-03-06,TTE,EQNR,252,0.34460216606019234
2025-03-07,TTE,EQNR,252,0.3610582227397261
2025-03-10,TTE,EQNR,252,0.3307455445514851
2025-03-11,TTE,EQNR,252,0.32791224548648107
2025-03-12,TTE,EQNR,252,0.32804178294310904
2025-03-13,TTE,EQNR,252,0.3266998132923986
2025-03-14,TTE,EQNR,252,0.3297423424719534
2025-03-17,TTE,EQNR,252,0.32364322506446885
2025-03-18,TTE,EQNR,252,0.3235645705321025
2025-03-19,TTE,EQNR,252,0.3273321606965407
2025-03-20,TTE,EQNR,252,0.33084520759085306
2025-03-21,TTE,EQNR,252,0.33505380510094285
2025-03-24,TTE,EQNR,252,0.3345495325453324
2025-03-25,TTE,EQNR,252,0.3340036514207079
2025-03-26,TTE,EQNR,252,0.3353698612124815
2025-03-27,TTE,EQNR,252,0.3336474421820724
2025-03-28,TTE,EQNR,252,0.3305742809133809
2025-03-31,TTE,EQNR,252,0.3308727561198114
2025-04-01,TTE,EQNR,252,0.3289648286089784
2025-04-02,TTE,EQNR,252,0.3287206805958198
2025-04-03,TTE,EQNR,252,0.3289545979774489
2025-04-04,TTE,EQNR,252,0.38342385736753104
2025-04-07,TTE,EQNR,252,0.39238831649308925
2025-04-08,TTE,EQNR,252,0.3990894863652725
2025-04-09,TTE,EQNR,252,0.4133984864775432
2025-04-10,TTE,EQNR,252,0.4119749660431152
2025-04-11,TTE,EQNR,252,0.41724683576725274
2025-04-14,TTE,EQNR,252,0.41766718227214317
2025-04-15,TTE,EQNR,252,0.4174441129195312
2025-04-16,TTE,EQNR,252,0.4189896923787913
2025-04-17,TTE,EQNR,252,0.41733487264395375
2025-04-21,TTE,EQNR,252,0.418618052965564
2025-04-22,TTE,EQNR,252,0.4201355578976878
2025-04-23,TTE,EQNR,252,0.42237152641110237
2025-04-24,TTE,EQNR,252,0.4240396846183838
2025-04-25,TTE,EQNR,252,0.4191095536421515
2025-04-28,TTE,EQNR,252,0.4201802080864005
2025-04-29,TTE,EQNR,252,0.41606450163412795
2025-04-30,TTE,EQNR,252,0.4256432739944723
2025-05-01,TTE,EQNR,252,0.4283351548867893
2025-05-02,TTE,EQNR,252,0.4339702364321529
2025-05-05,TTE,EQNR,252,0.43604572810740516
2025-05-06,TTE,EQNR,252,0.44004044715383434
2025-05-07,TTE,EQNR,252,0.44075157697129036
2025-05-08,TTE,EQNR,252,0.43975922960566055
2025-05-09,TTE,EQNR,252,0.4410079979131144
2025-05-12,TTE,EQNR,252,0.4415769781011423
2025-05-13,TTE,EQNR,252,0.443495321778782
2025-05-14,TTE,EQNR,252,0.44453172009140474
2025-05-15,TTE,EQNR,252,0.4430723499615365
2025-05-16,TTE,EQNR,252,0.443311380039348
2025-05-19,TTE,EQNR,252,0.4434717758136356
2025-05-20,TTE,EQNR,252,0.4416926666298612
2025-05-21,TTE,EQNR,252,0.44100602782427517
2025-05-22,TTE,EQNR,252,0.4409660349517653
2025-05-23,TTE,EQNR,252,0.4377323713457789
2025-05-27,TTE,EQNR,252,0.4404869640534292
2025-05-28,TTE,EQNR,252,0.4421943504627993
2025-05-29,TTE,EQNR,252,0.4456915511741691
2025-05-30,TTE,EQNR,252,0.4473766514271496
2025-06-02,TTE,EQNR,252,0.4557205043741336
2025-06-03,TTE,EQNR,252,0.4590107962355023
2025-06-04,TTE,EQNR,252,0.455935239164277
2025-06-05,TTE,EQNR,252,0.45538836557209994
2025-06-06,TTE,EQNR,252,0.45450311584488756
2025-06-09,TTE,EQNR,252,0.4546173494985855
2025-06-10,TTE,EQNR,252,0.46030222409430344
2025-06-11,TTE,EQNR,252,0.4596167780627621
2025-06-12,TTE,EQNR,252,0.46270080482894294
2025-06-13,TTE,EQNR,252,0.4497479460017138
2025-06-16,TTE,EQNR,252,0.44975568965376345
2025-06-17,TTE,EQNR,252,0.4482035579338423
2025-06-18,TTE,EQNR,252,0.4459003640931055
2025-06-20,TTE,EQNR,252,0.4458998179963146
2025-06-23,TTE,EQNR,252,0.45061022494196945
2025-06-24,TTE,EQNR,252,0.45594182807471845
2025-06-25,TTE,EQNR,252,0.45577485855664096
2025-06-26,TTE,EQNR,252,0.45612492899190976
2025-06-27,TTE,EQNR,252,0.45623859593653554
2025-06-30,TTE,EQNR,252,0.4560684750098712
2025-07-01,TTE,EQNR,252,0.45587286512165404
2025-07-02,TTE,EQNR,252,0.4617758427532814
2025-07-03,TTE,EQNR,252,0.4617729665311629
2025-07-07,TTE,EQNR,252,0.46440615518013
2025-07-08,TTE,EQNR,252,0.46559296893734764
2025-07-09,TTE,EQNR,252,0.46416268727671856
2025-07-10,TTE,EQNR,252,0.46495447839405485
2025-07-11,TTE,EQNR,252,0.46234434646937367
2025-07-14,TTE,EQNR,252,0.45902137633732065
2025-07-15,TTE,EQNR,252,0.4601660657805848
2025-07-16,TTE,EQNR,252,0.45935935527259053
2025-07-17,TTE,EQNR,252,0.4593468041746893
2025-07-18,TTE,EQNR,252,0.4591206118929287
2025-07-21,TTE,EQNR,252,0.45837362624537326
2025-07-22,TTE,EQNR,252,0.4585733612348772
2025-07-23,TTE,EQNR,252,0.45682263440023735
2025-07-24,TTE,EQNR,252,0.4585401786786297
2025-07-25,TTE,EQNR,252,0.4553990861493878
2025-07-28,TTE,EQNR,252,0.4549679257700705
2025-07-29,TTE,EQNR,252,0.4531412786720689
2025-07-30,TTE,EQNR,252,0.4609832723608103
2025-07-31,TTE,EQNR,252,0.46183881834904583
2025-08-01,TTE,EQNR,252,0.4629702513569747
2025-08-04,TTE,EQNR,252,0.46203707779868536
2025-08-05,TTE,EQNR,252,0.46143016417308824
2025-08-06,TTE,EQNR,252,0.4619362386485405
2025-08-07,TTE,EQNR,252,0.4558937528201567
2025-08-08,TTE,EQNR,252,0.45839226795840377
2025-08-11,TTE,EQNR,252,0.4560862036878159
2025-08-12,TTE,EQNR,252,0.4542879477115486
2025-08-13,TTE,EQNR,252,0.45234566807460486
2025-08-14,TTE,EQNR,252,0.45479078833926984
2025-08-15,TTE,EQNR,252,0.45553539456829006
2025-08-18,TTE,EQNR,252,0.4557346676874752
2025-08-19,TTE,EQNR,252,0.45615813543919087
2025-08-20,TTE,EQNR,252,0.4591181497509026
2025-08-21,TTE,EQNR,252,0.45740785035337694
2025-08-22,TTE,EQNR,252,0.4572604358461139
2025-08-25,TTE,EQNR,252,0.45806035684185686
2025-08-26,TTE,EQNR,252,0.4595062306603716
2025-08-27,TTE,EQNR,252,0.4678064304369663
2025-08-28,TTE,EQNR,252,0.47305055768743887
2025-08-29,TTE,EQNR,252,0.4731399479139856
2025-09-02,TTE,EQNR,252,0.4761220927376352
2025-09-03,TTE,EQNR,252,0.48435531442024393
2025-09-04,TTE,EQNR,252,0.4840267528867876
2025-09-05,TTE,EQNR,252,0.4751725897324257
2025-09-08,TTE,EQNR,252,0.4724297111924091
2025-09-09,TTE,EQNR,252,0.473069377588999
2025-09-10,TTE,EQNR,252,0.47162455963512795
2025-09-11,TTE,EQNR,252,0.47219673676228724
2025-09-12,TTE,EQNR,252,0.4716228152968873
2025-09-15,TTE,EQNR,252,0.4718963719362066
2025-09-16,TTE,EQNR,252,0.4710991733382868
2025-09-17,TTE,EQNR,252,0.47073169889214894
2025-09-18,TTE,EQNR,252,0.4708401084434102
2025-09-19,TTE,EQNR,252,0.47041375574642275
2025-09-22,TTE,EQNR,252,0.46972984542128815
2025-09-23,TTE,EQNR,252,0.477034525684593
2025-09-24,TTE,EQNR,252,0.4749070150553889
2025-09-25,TTE,EQNR,252,0.4812626263453028
2025-09-26,TTE,EQNR,252,0.48004053702222765
2025-09-29,TTE,EQNR,252,0.4809448895626017
2025-09-30,TTE,EQNR,252,0.47928213473080905
2025-10-01,TTE,EQNR,252,0.4823889477699166
2025-10-02,TTE,EQNR,252,0.48201596122849155
2025-10-03,TTE,EQNR,252,0.4856350312029165
2025-10-06,TTE,EQNR,252,0.48214470221225564
2025-10-07,TTE,EQNR,252,0.4806707692083368
2025-10-08,TTE,EQNR,252,0.4775537917751575
2025-10-09,TTE,EQNR,252,0.4916280168373966
2025-10-10,TTE,EQNR,252,0.4874312136355795
2025-10-13,TTE,EQNR,252,0.48551549958835283
2025-10-14,TTE,EQNR,252,0.48066576345996953
2025-10-15,TTE,EQNR,252,0.47777871230751817
2025-10-16,TTE,EQNR,252,0.47634732062926916
2025-10-17,TTE,EQNR,252,0.4629513822527714
2025-10-20,TTE,EQNR,252,0.4603161825959236
2025-10-21,TTE,EQNR,252,0.4597442369245913
2025-10-22,TTE,EQNR,252,0.45527135399296986
2025-10-23,TTE,EQNR,252,0.46018433741920167
2025-10-24,TTE,EQNR,252,0.4660266050095592
2025-10-27,TTE,EQNR,252,0.4685854706127805
2025-10-28,TTE,EQNR,252,0.46426632357401826
2025-10-29,TTE,EQNR,252,0.4618538821844082
2025-10-30,TTE,EQNR,252,0.4628552032100821
2025-10-31,TTE,EQNR,252,0.4663384350108686
2025-11-03,TTE,EQNR,252,0.46465782038400083
2025-11-04,TTE,EQNR,252,0.4602031006064155
2025-11-05,TTE,EQNR,252,0.46230568652918336
2025-11-06,TTE,EQNR,252,0.46176643106894066
2025-11-07,TTE,EQNR,252,0.4628509472382571
2025-11-10,TTE,EQNR,252,0.4596114617412384
2025-11-11,TTE,EQNR,252,0.45928139889536224
2025-11-12,TTE,EQNR,252,0.46116428572503854
2025-11-13,TTE,EQNR,252,0.4597134105707271
2025-11-14,TTE,EQNR,252,0.4572346091684748
2025-11-17,TTE,EQNR,252,0.45746318109490713
2025-11-18,TTE,EQNR,252,0.4552418836247347
2025-11-19,TTE,EQNR,252,0.46085205331152373
2025-11-20,TTE,EQNR,252,0.458709618562406
2025-11-21,TTE,EQNR,252,0.46019303766364056
2025-11-24,TTE,EQNR,252,0.47422314493580175
2025-11-25,TTE,EQNR,252,0.47003057190481196
2025-11-26,TTE,EQNR,252,0.4694344127748698
2025-11-28,TTE,EQNR,252,0.46658750545797556
2025-12-01,TTE,EQNR,252,0.4672260217446259
2025-12-02,TTE,EQNR,252,0.4752055227066908
2025-12-03,TTE,EQNR,252,0.48157719846597136
2025-12-04,TTE,EQNR,252,0.4810389330763165
2025-12-05,TTE,EQNR,252,0.484721153686765
2025-12-08,TTE,EQNR,252,0.48789232931868115
2025-12-09,TTE,EQNR,252,0.48803097003183427
2025-12-10,TTE,EQNR,252,0.4815762431883945
2025-12-11,TTE,EQNR,252,0.4779006308548789
2025-12-12,TTE,EQNR,252,0.47766311241437553
2025-12-15,TTE,EQNR,252,0.47862943720350726
2025-12-16,TTE,EQNR,252,0.48393539232940486
2025-12-17,TTE,EQNR,252,0.48693749223109434
2025-12-18,TTE,EQNR,252,0.48179258233854777
2025-12-19,TTE,EQNR,252,0.48125084765727594
2025-12-22,TTE,EQNR,252,0.47778464664415654
2025-12-23,TTE,EQNR,252,0.4783348288797702
2025-12-24,TTE,EQNR,252,0.47772357836135454
2025-12-26,TTE,EQNR,252,0.4796972422655249
2025-12-29,TTE,EQNR,252,0.4800779527858771
2025-12-30,TTE,EQNR,252,0.47946798722287964
2025-12-31,TTE,EQNR,252,0.4773159618253847
2026-01-02,TTE,EQNR,252,0.4841128333490883
2026-01-05,TTE,EQNR,252,0.4833836247542295
2026-01-06,TTE,EQNR,252,0.48774698586142357
2026-01-07,TTE,EQNR,252,0.48882149254787827
2026-01-08,TTE,EQNR,252,0.49499386832846365
2026-01-09,TTE,EQNR,252,0.4924055756250827
2026-01-12,TTE,EQNR,252,0.49100195508382083
2026-01-13,TTE,EQNR,252,0.4933340094743096
2026-01-14,TTE,EQNR,252,0.4930295770699476
2026-01-15,TTE,EQNR,252,0.49568678045489445
2026-01-16,TTE,EQNR,252,0.49587661857433507
2026-01-20,TTE,EQNR,252,0.49677963113186935
2026-01-21,TTE,EQNR,252,0.496785229367463
2026-01-22,TTE,EQNR,252,0.4968991167163404
2026-01-23,TTE,EQNR,252,0.5044612532996916
2026-01-26,TTE,EQNR,252,0.5056100967989047
2026-01-27,TTE,EQNR,252,0.5100046331985644
2026-01-28,TTE,EQNR,252,0.5118348907287451
2026-01-29,TTE,EQNR,252,0.5158624672652649
2026-01-30,TTE,EQNR,252,0.5181193586552996
2026-02-02,TTE,EQNR,252,0.518023201019948
2026-02-03,TTE,EQNR,252,0.5196126080807553
2026-02-04,TTE,EQNR,252,0.5202887975337958
2026-02-05,TTE,EQNR,252,0.5119590702381935
2026-02-06,TTE,EQNR,252,0.5278162463734801
2026-02-09,TTE,EQNR,252,0.526845450660917
2026-02-10,TTE,EQNR,252,0.5271073406596953
2026-02-11,TTE,EQNR,252,0.5394704506376862
2026-02-12,TTE,EQNR,252,0.5436681142674026
2026-02-13,TTE,EQNR,252,0.5514613101763071
2026-02-17,TTE,EQNR,252,0.5513717953422856
2026-02-18,TTE,EQNR,252,0.5526977890106324
2026-02-19,TTE,EQNR,252,0.552604843218067
2026-02-20,TTE,EQNR,252,0.5525054191553128
2026-02-23,TTE,EQNR,252,0.5509573414769554
2026-02-24,TTE,EQNR,252,0.5496405596867808
2026-02-25,TTE,EQNR,252,0.549861498095075
2026-02-26,TTE,EQNR,252,0.5508405623943116
2026-02-27,TTE,EQNR,252,0.5524720230652793
2026-03-02,TTE,EQNR,252,0.544211879505585
2026-03-03,TTE,EQNR,252,0.553301077151991
2026-03-04,TTE,EQNR,252,0.5545370474181531
2026-03-05,TTE,EQNR,252,0.5539356992739767
2026-03-06,TTE,EQNR,252,0.5603383869048406
2026-03-09,TTE,EQNR,252,0.5484602222445681
2026-03-10,TTE,EQNR,252,0.5421318891332222
2026-03-11,TTE,EQNR,252,0.5718003429709334
2026-03-12,TTE,EQNR,252,0.5740064147704038
2026-03-13,TTE,EQNR,252,0.5761832344555325
2026-03-16,TTE,EQNR,252,0.5786091984103059
2026-03-17,TTE,EQNR,252,0.5828603612860904
2026-03-18,TTE,EQNR,252,0.5833070089982805
2026-03-19,TTE,EQNR,252,0.5908804649174101
2026-03-20,TTE,EQNR,252,0.5827431309469705
2026-03-23,TTE,EQNR,252,0.5741881641911323
2026-03-24,TTE,EQNR,252,0.5740505865143283
2026-03-25,TTE,EQNR,252,0.5739030239575638
2026-03-26,TTE,EQNR,252,0.575935792996108
2026-03-27,TTE,EQNR,252,0.575188340137571
2026-03-30,TTE,EQNR,252,0.5772827710559171
2026-03-31,TTE,EQNR,252,0.5767151209227247
2026-04-01,TTE,EQNR,252,0.5775845776785614
2026-04-02,TTE,EQNR,252,0.5830255450704775
2026-04-06,TTE,EQNR,252,0.5825944296125495
2026-04-07,TTE,EQNR,252,0.5809921571166626
2026-04-08,TTE,EQNR,252,0.5496975739802503
2026-04-09,TTE,EQNR,252,0.5427752233132176
2026-04-10,TTE,EQNR,252,0.536053040153555
2026-04-13,TTE,EQNR,252,0.5258219812604344
2026-04-14,TTE,EQNR,252,0.5321836343106527
2026-04-15,TTE,EQNR,252,0.5358210566702543
2026-04-16,TTE,EQNR,252,0.5432365207959742
2026-04-17,TTE,EQNR,252,0.5592038313288962
2026-04-20,TTE,EQNR,252,0.5577619097431249
2026-04-21,TTE,EQNR,252,0.5601903154690204
2026-04-22,TTE,EQNR,252,0.5592949912646377
2026-04-23,TTE,EQNR,252,0.5606624690513938
2026-04-24,TTE,EQNR,252,0.5595958289937383
2026-04-27,TTE,EQNR,252,0.5592851954348101
2026-04-28,TTE,EQNR,252,0.5664661216562088
2026-04-29,TTE,EQNR,252,0.5671824279411739
2026-04-30,TTE,EQNR,252,0.5798163044668648
2026-05-01,TTE,EQNR,252,0.5716185839244724
2026-05-04,TTE,EQNR,252,0.5650396580035093
2026-05-05,TTE,EQNR,252,0.5577198852958919
2026-05-06,TTE,EQNR,252,0.5732446117844036
2026-05-07,TTE,EQNR,252,0.5763610855631921
2026-05-08,TTE,EQNR,252,0.5762605527822459
2026-05-11,TTE,EQNR,252,0.580118787904702
2026-05-12,TTE,EQNR,252,0.580484927415577
2026-05-13,TTE,EQNR,252,0.5807415574922077
2026-05-14,TTE,EQNR,252,0.5789985158347015
2026-05-15,TTE,EQNR,252,0.5783135045843433
2026-05-18,TTE,EQNR,252,0.5797410187478073
2026-05-19,TTE,EQNR,252,0.5758034834474913
2026-05-20,TTE,EQNR,252,0.5736108462033638
2026-05-21,TTE,EQNR,252,0.5759209442356881
2026-05-22,TTE,EQNR,252,0.5752638433726395
2026-05-26,TTE,EQNR,252,0.5779178221801875
2026-05-27,TTE,EQNR,252,0.5866071378268051
2026-05-28,TTE,EQNR,252,0.5851531226930544
2026-05-29,TTE,EQNR,252,0.5838491228987582
2026-06-01,TTE,EQNR,252,0.5872529717969086
2026-06-02,TTE,EQNR,252,0.5878153655374839
2026-06-03,TTE,EQNR,252,0.5833573861159496
2026-06-04,TTE,EQNR,252,0.58277829903922
2026-06-05,TTE,EQNR,252,0.5838676795638472
2026-06-08,TTE,EQNR,252,0.5832794654249275
2026-06-09,TTE,EQNR,252,0.582326198316081
2026-06-10,TTE,EQNR,252,0.5805406475583893
2026-06-11,TTE,EQNR,252,0.579841522580978
2026-06-12,TTE,EQNR,252,0.5794791230649631
2026-06-15,TTE,EQNR,252,0.5905291757234642
2026-06-16,TTE,EQNR,252,0.604050029576224
2026-06-17,TTE,EQNR,252,0.6017322650726995
2026-06-18,TTE,EQNR,252,0.6045444585127407
2026-06-22,TTE,EQNR,252,0.6055900607715871
2026-06-23,TTE,EQNR,252,0.6057482067001727
2026-06-24,TTE,EQNR,252,0.6046980680048044
2026-06-25,TTE,EQNR,252,0.5990429186160383
2026-06-26,TTE,EQNR,252,0.6009682425854528
2026-06-29,TTE,EQNR,252,0.6008527426147415
2026-06-30,TTE,EQNR,252,0.6010603643090072
2026-07-01,TTE,EQNR,252,0.5998990767788424
2026-07-02,TTE,EQNR,252,0.6023247965777159
2026-07-06,TTE,EQNR,252,0.5997406859871842
2026-07-07,TTE,EQNR,252,0.6026375347416453
2026-07-08,TTE,EQNR,252,0.6061037495846422
2026-07-09,TTE,EQNR,252,0.6044339733023993
2026-07-10,TTE,EQNR,252,0.6057239260300593
2026-07-13,TTE,EQNR,252,0.6132087285245116
2026-07-14,TTE,EQNR,252,0.6141980272902297
2026-07-15,TTE,EQNR,252,0.6188419054476288
2026-07-16,TTE,EQNR,252,0.6198096924332999
2026-07-17,TTE,EQNR,252,0.6265613687229913
2026-07-20,TTE,EQNR,252,0.6265075268334819
2026-07-21,TTE,EQNR,252,0.6232237065918927
2026-07-22,TTE,EQNR,252,0.6235553421045013
2026-07-23,TTE,EQNR,252,0.6250681894266855
2026-07-24,TTE,EQNR,252,0.623277827447072
2026-07-27,TTE,EQNR,252,0.6327852626013709
2026-07-28,TTE,EQNR,252,0.6339375755983827
2026-07-29,TTE,EQNR,252,0.6401705308396515
2026-07-30,TTE,EQNR,252,0.6425721446442634
2026-07-31,TTE,EQNR,252,0.637355930840405
2026-08-03,TTE,EQNR,252,0.6393576091707578
2026-08-04,TTE,EQNR,252,0.6401528428674493
2026-08-05,TTE,EQNR,252,0.6404723157433091
2026-08-06,TTE,EQNR,252,0.6434631594679504
2026-08-07,TTE,EQNR,252,0.6435456116932441
2026-08-10,TTE,EQNR,252,0.6510791176350316
2026-08-11,TTE,EQNR,252,0.6509953690700253
2026-08-12,TTE,EQNR,252,0.6506785241903242
2026-08-13,TTE,EQNR,252,0.6526743047739241
2026-08-14,TTE,EQNR,252,0.6545801987209006
2026-08-17,TTE,EQNR,252,0.653819776143981
2026-08-18,TTE,EQNR,252,0.6550361473046404
2026-08-19,TTE,EQNR,252,0.654966880610401
2026-08-20,TTE,EQNR,252,0.6549976792807026
2026-08-21,TTE,EQNR,252,0.6534112192736444
2026-08-24,TTE,EQNR,252,0.6533990804126777
