basket_type,n_stocks,stocks,ticker,weight
Thomas-style,3,CNQ|COP|MPC,CNQ,0.2646314587323198
Thomas-style,3,CNQ|COP|MPC,COP,0.4835988582592687
Thomas-style,3,CNQ|COP|MPC,MPC,0.2517696830084115
Thomas-style,3,COP|CVE|MPC,COP,0.594158870965323
Thomas-style,3,COP|CVE|MPC,CVE,0.11880849872026808
Thomas-style,3,COP|CVE|MPC,MPC,0.287032630314409
Thomas-style,3,COP|MPC|SU,COP,0.4849989233039036
Thomas-style,3,COP|MPC|SU,MPC,0.2439787108302687
Thomas-style,3,COP|MPC|SU,SU,0.2710223658658277
Thomas-style,3,COP|IMO|MPC,COP,0.5146828562366095
Thomas-style,3,COP|IMO|MPC,IMO,0.25584037813408156
Thomas-style,3,COP|IMO|MPC,MPC,0.22947676562930897
Thomas-style,3,COP|ENB|MPC,COP,0.5255850544149406
Thomas-style,3,COP|ENB|MPC,ENB,0.2972496232208339
Thomas-style,3,COP|ENB|MPC,MPC,0.17716532236422547
Thomas-style,3,COP|MPC|TRP,COP,0.5520743505393793
Thomas-style,3,COP|MPC|TRP,MPC,0.1987510413447459
Thomas-style,3,COP|MPC|TRP,TRP,0.2491746081158748
Thomas-style,3,COP|MPC|PBA,COP,0.5032389581281085
Thomas-style,3,COP|MPC|PBA,MPC,0.18316574501637217
Thomas-style,3,COP|MPC|PBA,PBA,0.3135952968555194
Thomas-style,3,COP|MPC|WMB,COP,0.5240912033052469
Thomas-style,3,COP|MPC|WMB,MPC,0.1890445041222059
Thomas-style,3,COP|MPC|WMB,WMB,0.2868642925725472
Thomas-style,3,CNQ|COP|PSX,CNQ,0.259373164243103
Thomas-style,3,CNQ|COP|PSX,COP,0.477193517553102
Thomas-style,3,CNQ|COP|PSX,PSX,0.2634333182037949
Thomas-style,3,COP|CVE|PSX,COP,0.5872319587094899
Thomas-style,3,COP|CVE|PSX,CVE,0.11383484359349634
Thomas-style,3,COP|CVE|PSX,PSX,0.29893319769701393
Thomas-style,3,COP|PSX|SU,COP,0.47623934129681494
Thomas-style,3,COP|PSX|SU,PSX,0.2568304912023434
Thomas-style,3,COP|PSX|SU,SU,0.26693016750084164
Thomas-style,3,COP|IMO|PSX,COP,0.49383515889550794
Thomas-style,3,COP|IMO|PSX,IMO,0.2576221040470333
Thomas-style,3,COP|IMO|PSX,PSX,0.24854273705745875
Thomas-style,3,COP|ENB|PSX,COP,0.5062102676313592
Thomas-style,3,COP|ENB|PSX,ENB,0.2946103768820855
Thomas-style,3,COP|ENB|PSX,PSX,0.19917935548655505
Thomas-style,3,COP|PSX|TRP,COP,0.5327017439880779
Thomas-style,3,COP|PSX|TRP,PSX,0.2192473744184711
Thomas-style,3,COP|PSX|TRP,TRP,0.24805088159345096
Thomas-style,3,COP|PBA|PSX,COP,0.47939812795910075
Thomas-style,3,COP|PBA|PSX,PBA,0.312246762447624
Thomas-style,3,COP|PBA|PSX,PSX,0.2083551095932753
Thomas-style,3,COP|PSX|WMB,COP,0.49838295831121826
Thomas-style,3,COP|PSX|WMB,PSX,0.2150058671146016
Thomas-style,3,COP|PSX|WMB,WMB,0.2866111745741801
Thomas-style,3,CNQ|COP|VLO,CNQ,0.29278071842073994
Thomas-style,3,CNQ|COP|VLO,COP,0.48915165614792605
Thomas-style,3,CNQ|COP|VLO,VLO,0.21806762543133404
Thomas-style,3,COP|CVE|VLO,COP,0.6366187450161555
Thomas-style,3,COP|CVE|VLO,CVE,0.12787287572879036
Thomas-style,3,COP|CVE|VLO,VLO,0.23550837925505427
Thomas-style,3,COP|SU|VLO,COP,0.5098649977526646
Thomas-style,3,COP|SU|VLO,SU,0.28831723383180846
Thomas-style,3,COP|SU|VLO,VLO,0.201817768415527
Thomas-style,3,COP|IMO|VLO,COP,0.5345641779864566
Thomas-style,3,COP|IMO|VLO,IMO,0.27413250909680087
Thomas-style,3,COP|IMO|VLO,VLO,0.19130331291674252
Thomas-style,3,COP|ENB|VLO,COP,0.5128354646916055
Thomas-style,3,COP|ENB|VLO,ENB,0.31401342628029977
Thomas-style,3,COP|ENB|VLO,VLO,0.17315110902809486
Thomas-style,3,COP|TRP|VLO,COP,0.5459571455707352
Thomas-style,3,COP|TRP|VLO,TRP,0.2676059824239629
Thomas-style,3,COP|TRP|VLO,VLO,0.18643687200530187
Thomas-style,3,COP|PBA|VLO,COP,0.4977356146924461
Thomas-style,3,COP|PBA|VLO,PBA,0.33139354035555296
Thomas-style,3,COP|PBA|VLO,VLO,0.17087084495200097
Thomas-style,3,COP|VLO|WMB,COP,0.5094165284052873
Thomas-style,3,COP|VLO|WMB,VLO,0.18209942087426645
Thomas-style,3,COP|VLO|WMB,WMB,0.30848405072044616
Thomas-style,3,CNQ|EOG|MPC,CNQ,0.30057684837454296
Thomas-style,3,CNQ|EOG|MPC,EOG,0.3811582818415414
Thomas-style,3,CNQ|EOG|MPC,MPC,0.31826486978391566
Thomas-style,3,CVE|EOG|MPC,CVE,0.15498023659162327
Thomas-style,3,CVE|EOG|MPC,EOG,0.478512306449327
Thomas-style,3,CVE|EOG|MPC,MPC,0.36650745695904974
Thomas-style,3,EOG|MPC|SU,EOG,0.38582133999031454
Thomas-style,3,EOG|MPC|SU,MPC,0.30014563477575096
Thomas-style,3,EOG|MPC|SU,SU,0.3140330252339344
Thomas-style,3,EOG|IMO|MPC,EOG,0.4156798717047176
Thomas-style,3,EOG|IMO|MPC,IMO,0.28206113356618706
Thomas-style,3,EOG|IMO|MPC,MPC,0.3022589947290953
Thomas-style,3,ENB|EOG|MPC,ENB,0.3103412823604874
Thomas-style,3,ENB|EOG|MPC,EOG,0.43250937375315507
Thomas-style,3,ENB|EOG|MPC,MPC,0.2571493438863575
Thomas-style,3,EOG|MPC|TRP,EOG,0.4571062171048749
Thomas-style,3,EOG|MPC|TRP,MPC,0.282252391977962
Thomas-style,3,EOG|MPC|TRP,TRP,0.26064139091716315
Thomas-style,3,EOG|MPC|PBA,EOG,0.41342303815947967
Thomas-style,3,EOG|MPC|PBA,MPC,0.2496412451563177
Thomas-style,3,EOG|MPC|PBA,PBA,0.3369357166842025
Thomas-style,3,EOG|MPC|WMB,EOG,0.426636811175295
Thomas-style,3,EOG|MPC|WMB,MPC,0.2801600707156781
Thomas-style,3,EOG|MPC|WMB,WMB,0.2932031181090269
Thomas-style,3,CNQ|EOG|PSX,CNQ,0.30963212485598113
Thomas-style,3,CNQ|EOG|PSX,EOG,0.36810101989771116
Thomas-style,3,CNQ|EOG|PSX,PSX,0.3222668552463077
Thomas-style,3,CVE|EOG|PSX,CVE,0.16171050805582632
Thomas-style,3,CVE|EOG|PSX,EOG,0.4681554476296963
Thomas-style,3,CVE|EOG|PSX,PSX,0.37013404431447755
Thomas-style,3,EOG|PSX|SU,EOG,0.37241447581323733
Thomas-style,3,EOG|PSX|SU,PSX,0.30434613557813306
Thomas-style,3,EOG|PSX|SU,SU,0.32323938860862955
Thomas-style,3,EOG|IMO|PSX,EOG,0.3922513199760626
Thomas-style,3,EOG|IMO|PSX,IMO,0.29740318132103644
Thomas-style,3,EOG|IMO|PSX,PSX,0.31034549870290096
Thomas-style,3,ENB|EOG|PSX,ENB,0.31794763255542147
Thomas-style,3,ENB|EOG|PSX,EOG,0.41568412854713604
Thomas-style,3,ENB|EOG|PSX,PSX,0.26636823889744254
Thomas-style,3,EOG|PSX|TRP,EOG,0.44061198643878124
Thomas-style,3,EOG|PSX|TRP,PSX,0.29037949352271025
Thomas-style,3,EOG|PSX|TRP,TRP,0.26900852003850856
Thomas-style,3,EOG|PBA|PSX,EOG,0.3916979234256393
Thomas-style,3,EOG|PBA|PSX,PBA,0.3461008942996165
Thomas-style,3,EOG|PBA|PSX,PSX,0.2622011822747442
Thomas-style,3,EOG|PSX|WMB,EOG,0.40094861729410075
Thomas-style,3,EOG|PSX|WMB,PSX,0.2920937764109506
Thomas-style,3,EOG|PSX|WMB,WMB,0.30695760629494867
Thomas-style,3,CNQ|EOG|VLO,CNQ,0.3488277304636073
Thomas-style,3,CNQ|EOG|VLO,EOG,0.37875622307396306
Thomas-style,3,CNQ|EOG|VLO,VLO,0.2724160464624296
Thomas-style,3,CVE|EOG|VLO,CVE,0.18100665546015252
Thomas-style,3,CVE|EOG|VLO,EOG,0.5152448978256566
Thomas-style,3,CVE|EOG|VLO,VLO,0.30374844671419093
Thomas-style,3,EOG|SU|VLO,EOG,0.40287701641131635
Thomas-style,3,EOG|SU|VLO,SU,0.3496218045218411
Thomas-style,3,EOG|SU|VLO,VLO,0.24750117906684266
Thomas-style,3,EOG|IMO|VLO,EOG,0.4314818309312182
Thomas-style,3,EOG|IMO|VLO,IMO,0.3186326860962929
Thomas-style,3,EOG|IMO|VLO,VLO,0.2498854829724889
Thomas-style,3,ENB|EOG|VLO,ENB,0.3429863379455981
Thomas-style,3,ENB|EOG|VLO,EOG,0.42456337366474195
Thomas-style,3,ENB|EOG|VLO,VLO,0.23245028838965992
Thomas-style,3,EOG|TRP|VLO,EOG,0.45577172209137434
Thomas-style,3,EOG|TRP|VLO,TRP,0.2941821733087178
Thomas-style,3,EOG|TRP|VLO,VLO,0.2500461045999079
Thomas-style,3,EOG|PBA|VLO,EOG,0.41012647480095926
Thomas-style,3,EOG|PBA|VLO,PBA,0.36926053266185954
Thomas-style,3,EOG|PBA|VLO,VLO,0.22061299253718122
Thomas-style,3,EOG|VLO|WMB,EOG,0.41374136607169676
Thomas-style,3,EOG|VLO|WMB,VLO,0.2500346664454995
Thomas-style,3,EOG|VLO|WMB,WMB,0.3362239674828038
Thomas-style,3,CNQ|FANG|MPC,CNQ,0.4407392608823551
Thomas-style,3,CNQ|FANG|MPC,FANG,0.18054037496739925
Thomas-style,3,CNQ|FANG|MPC,MPC,0.37872036415024574
Thomas-style,3,CVE|FANG|MPC,CVE,0.25561287146471134
Thomas-style,3,CVE|FANG|MPC,FANG,0.2652220550235744
Thomas-style,3,CVE|FANG|MPC,MPC,0.4791650735117142
Thomas-style,3,FANG|MPC|SU,FANG,0.20322690741249488
Thomas-style,3,FANG|MPC|SU,MPC,0.35506003991987856
Thomas-style,3,FANG|MPC|SU,SU,0.4417130526676266
Thomas-style,3,FANG|IMO|MPC,FANG,0.25205116393669663
Thomas-style,3,FANG|IMO|MPC,IMO,0.40132756413636117
Thomas-style,3,FANG|IMO|MPC,MPC,0.34662127192694225
Thomas-style,3,ENB|FANG|MPC,ENB,0.40735584803984204
Thomas-style,3,ENB|FANG|MPC,FANG,0.3235477413715905
Thomas-style,3,ENB|FANG|MPC,MPC,0.26909641058856754
Thomas-style,3,FANG|MPC|TRP,FANG,0.3322756308621839
Thomas-style,3,FANG|MPC|TRP,MPC,0.32325115991811465
Thomas-style,3,FANG|MPC|TRP,TRP,0.3444732092197014
Thomas-style,3,FANG|MPC|PBA,FANG,0.29396625634115825
Thomas-style,3,FANG|MPC|PBA,MPC,0.26888679668727145
Thomas-style,3,FANG|MPC|PBA,PBA,0.4371469469715703
Thomas-style,3,FANG|MPC|WMB,FANG,0.29274734182645185
Thomas-style,3,FANG|MPC|WMB,MPC,0.3085954711923638
Thomas-style,3,FANG|MPC|WMB,WMB,0.3986571869811844
Thomas-style,3,CNQ|FANG|PSX,CNQ,0.43482487262062863
Thomas-style,3,CNQ|FANG|PSX,FANG,0.17605659526869213
Thomas-style,3,CNQ|FANG|PSX,PSX,0.3891185321106792
Thomas-style,3,CVE|FANG|PSX,CVE,0.24955466698322387
Thomas-style,3,CVE|FANG|PSX,FANG,0.26107559456607704
Thomas-style,3,CVE|FANG|PSX,PSX,0.48936973845069914
Thomas-style,3,FANG|PSX|SU,FANG,0.19657879095345526
Thomas-style,3,FANG|PSX|SU,PSX,0.36683090274900937
Thomas-style,3,FANG|PSX|SU,SU,0.43659030629753537
Thomas-style,3,FANG|IMO|PSX,FANG,0.2344586504970623
Thomas-style,3,FANG|IMO|PSX,IMO,0.40073854059993486
Thomas-style,3,FANG|IMO|PSX,PSX,0.3648028089030028
Thomas-style,3,ENB|FANG|PSX,ENB,0.40203476973895214
Thomas-style,3,ENB|FANG|PSX,FANG,0.30760609840954245
Thomas-style,3,ENB|FANG|PSX,PSX,0.29035913185150547
Thomas-style,3,FANG|PSX|TRP,FANG,0.31601449835628626
Thomas-style,3,FANG|PSX|TRP,PSX,0.341704473194828
Thomas-style,3,FANG|PSX|TRP,TRP,0.34228102844888575
Thomas-style,3,FANG|PBA|PSX,FANG,0.27446519268390274
Thomas-style,3,FANG|PBA|PSX,PBA,0.43146576533093095
Thomas-style,3,FANG|PBA|PSX,PSX,0.29406904198516626
Thomas-style,3,FANG|PSX|WMB,FANG,0.27067447481537427
Thomas-style,3,FANG|PSX|WMB,PSX,0.3326850229869046
Thomas-style,3,FANG|PSX|WMB,WMB,0.39664050219772123
Thomas-style,3,CNQ|FANG|VLO,CNQ,0.48853430148531163
Thomas-style,3,CNQ|FANG|VLO,FANG,0.18146498075017078
Thomas-style,3,CNQ|FANG|VLO,VLO,0.3300007177645176
Thomas-style,3,CVE|FANG|VLO,CVE,0.2854726378194634
Thomas-style,3,CVE|FANG|VLO,FANG,0.3084291542862674
Thomas-style,3,CVE|FANG|VLO,VLO,0.4060982078942692
Thomas-style,3,FANG|SU|VLO,FANG,0.22382386868125992
Thomas-style,3,FANG|SU|VLO,SU,0.47926695422103005
Thomas-style,3,FANG|SU|VLO,VLO,0.2969091770977099
Thomas-style,3,FANG|IMO|VLO,FANG,0.27128491802740856
Thomas-style,3,FANG|IMO|VLO,IMO,0.4381820943001862
Thomas-style,3,FANG|IMO|VLO,VLO,0.29053298767240526
Thomas-style,3,ENB|FANG|VLO,ENB,0.43123549471669526
Thomas-style,3,ENB|FANG|VLO,FANG,0.3172629647581367
Thomas-style,3,ENB|FANG|VLO,VLO,0.2515015405251681
Thomas-style,3,FANG|TRP|VLO,FANG,0.333060210255084
Thomas-style,3,FANG|TRP|VLO,TRP,0.3758495562917959
Thomas-style,3,FANG|TRP|VLO,VLO,0.29109023345312024
Thomas-style,3,FANG|PBA|VLO,FANG,0.29300077430390215
Thomas-style,3,FANG|PBA|VLO,PBA,0.46290835549811177
Thomas-style,3,FANG|PBA|VLO,VLO,0.24409087019798612
Thomas-style,3,FANG|VLO|WMB,FANG,0.28373987077218615
Thomas-style,3,FANG|VLO|WMB,VLO,0.2827999722703267
Thomas-style,3,FANG|VLO|WMB,WMB,0.43346015695748713
Thomas-style,3,CNQ|DVN|MPC,CNQ,0.4597957247960286
Thomas-style,3,CNQ|DVN|MPC,DVN,0.1439754291897097
Thomas-style,3,CNQ|DVN|MPC,MPC,0.3962288460142617
Thomas-style,3,CVE|DVN|MPC,CVE,0.27624048274697643
Thomas-style,3,CVE|DVN|MPC,DVN,0.21578880812047058
Thomas-style,3,CVE|DVN|MPC,MPC,0.5079707091325529
Thomas-style,3,DVN|MPC|SU,DVN,0.16246576583092273
Thomas-style,3,DVN|MPC|SU,MPC,0.37762234740666323
Thomas-style,3,DVN|MPC|SU,SU,0.45991188676241407
Thomas-style,3,DVN|IMO|MPC,DVN,0.2138465806131981
Thomas-style,3,DVN|IMO|MPC,IMO,0.4157196551100711
Thomas-style,3,DVN|IMO|MPC,MPC,0.37043376427673086
Thomas-style,3,DVN|ENB|MPC,DVN,0.2959606230778521
Thomas-style,3,DVN|ENB|MPC,ENB,0.42205818911748344
Thomas-style,3,DVN|ENB|MPC,MPC,0.2819811878046645
Thomas-style,3,DVN|MPC|TRP,DVN,0.3055031057975912
Thomas-style,3,DVN|MPC|TRP,MPC,0.3332076158636027
Thomas-style,3,DVN|MPC|TRP,TRP,0.36128927833880614
Thomas-style,3,DVN|MPC|PBA,DVN,0.2673297740212773
Thomas-style,3,DVN|MPC|PBA,MPC,0.2807636050028197
Thomas-style,3,DVN|MPC|PBA,PBA,0.451906620975903
Thomas-style,3,DVN|MPC|WMB,DVN,0.2655170286418397
Thomas-style,3,DVN|MPC|WMB,MPC,0.319802973414192
Thomas-style,3,DVN|MPC|WMB,WMB,0.41467999794396837
Thomas-style,3,CNQ|DVN|PSX,CNQ,0.45692800597964456
Thomas-style,3,CNQ|DVN|PSX,DVN,0.136617620141186
Thomas-style,3,CNQ|DVN|PSX,PSX,0.4064543738791695
Thomas-style,3,CVE|DVN|PSX,CVE,0.27399707663301515
Thomas-style,3,CVE|DVN|PSX,DVN,0.20774386947876403
Thomas-style,3,CVE|DVN|PSX,PSX,0.5182590538882208
Thomas-style,3,DVN|PSX|SU,DVN,0.15359027680140994
Thomas-style,3,DVN|PSX|SU,PSX,0.3888221328222393
Thomas-style,3,DVN|PSX|SU,SU,0.4575875903763508
Thomas-style,3,DVN|IMO|PSX,DVN,0.19561605462781656
Thomas-style,3,DVN|IMO|PSX,IMO,0.41748178307145345
Thomas-style,3,DVN|IMO|PSX,PSX,0.38690216230072993
Thomas-style,3,DVN|ENB|PSX,DVN,0.2810233329123673
Thomas-style,3,DVN|ENB|PSX,ENB,0.41795490537485663
Thomas-style,3,DVN|ENB|PSX,PSX,0.301021761712776
Thomas-style,3,DVN|PSX|TRP,DVN,0.2900847331826876
Thomas-style,3,DVN|PSX|TRP,PSX,0.3499421736849843
Thomas-style,3,DVN|PSX|TRP,TRP,0.35997309313232806
Thomas-style,3,DVN|PBA|PSX,DVN,0.24898701411326501
Thomas-style,3,DVN|PBA|PSX,PBA,0.4471982322701944
Thomas-style,3,DVN|PBA|PSX,PSX,0.30381475361654064
Thomas-style,3,DVN|PSX|WMB,DVN,0.24464818077921058
Thomas-style,3,DVN|PSX|WMB,PSX,0.3420174791853246
Thomas-style,3,DVN|PSX|WMB,WMB,0.41333434003546493
Thomas-style,3,CNQ|DVN|VLO,CNQ,0.5173181370824836
Thomas-style,3,CNQ|DVN|VLO,DVN,0.13677486346394133
Thomas-style,3,CNQ|DVN|VLO,VLO,0.34590699945357506
Thomas-style,3,CVE|DVN|VLO,CVE,0.32040128279001423
Thomas-style,3,CVE|DVN|VLO,DVN,0.24494874764673846
Thomas-style,3,CVE|DVN|VLO,VLO,0.43464996956324725
Thomas-style,3,DVN|SU|VLO,DVN,0.17458629816036028
Thomas-style,3,DVN|SU|VLO,SU,0.5084386004185671
Thomas-style,3,DVN|SU|VLO,VLO,0.31697510142107255
Thomas-style,3,DVN|IMO|VLO,DVN,0.2270952573666331
Thomas-style,3,DVN|IMO|VLO,IMO,0.46236218211107893
Thomas-style,3,DVN|IMO|VLO,VLO,0.31054256052228796
Thomas-style,3,DVN|ENB|VLO,DVN,0.29009314993939733
Thomas-style,3,DVN|ENB|VLO,ENB,0.4501086139616882
Thomas-style,3,DVN|ENB|VLO,VLO,0.25979823609891445
Thomas-style,3,DVN|TRP|VLO,DVN,0.30573135780509153
Thomas-style,3,DVN|TRP|VLO,TRP,0.39639970734176744
Thomas-style,3,DVN|TRP|VLO,VLO,0.2978689348531409
Thomas-style,3,DVN|PBA|VLO,DVN,0.2656855641195335
Thomas-style,3,DVN|PBA|VLO,PBA,0.48251905602998024
Thomas-style,3,DVN|PBA|VLO,VLO,0.2517953798504862
Thomas-style,3,DVN|VLO|WMB,DVN,0.25604936107602977
Thomas-style,3,DVN|VLO|WMB,VLO,0.2905123430831653
Thomas-style,3,DVN|VLO|WMB,WMB,0.4534382958408049
Thomas-style,3,CNQ|MPC|OXY,CNQ,0.42532533813971835
Thomas-style,3,CNQ|MPC|OXY,MPC,0.36543433095264527
Thomas-style,3,CNQ|MPC|OXY,OXY,0.20924033090763647
Thomas-style,3,CVE|MPC|OXY,CVE,0.26075226113367367
Thomas-style,3,CVE|MPC|OXY,MPC,0.47023005621941166
Thomas-style,3,CVE|MPC|OXY,OXY,0.26901768264691456
Thomas-style,3,MPC|OXY|SU,MPC,0.3516400940888179
Thomas-style,3,MPC|OXY|SU,OXY,0.2172510812381385
Thomas-style,3,MPC|OXY|SU,SU,0.43110882467304357
Thomas-style,3,IMO|MPC|OXY,IMO,0.3953614967643465
Thomas-style,3,IMO|MPC|OXY,MPC,0.3572503027254095
Thomas-style,3,IMO|MPC|OXY,OXY,0.24738820051024413
Thomas-style,3,ENB|MPC|OXY,ENB,0.39853027024620935
Thomas-style,3,ENB|MPC|OXY,MPC,0.30559805886737873
Thomas-style,3,ENB|MPC|OXY,OXY,0.2958716708864119
Thomas-style,3,MPC|OXY|TRP,MPC,0.3463488693028101
Thomas-style,3,MPC|OXY|TRP,OXY,0.31155361356098
Thomas-style,3,MPC|OXY|TRP,TRP,0.34209751713620984
Thomas-style,3,MPC|OXY|PBA,MPC,0.2924872592825371
Thomas-style,3,MPC|OXY|PBA,OXY,0.27596786350022634
Thomas-style,3,MPC|OXY|PBA,PBA,0.43154487721723667
Thomas-style,3,MPC|OXY|WMB,MPC,0.31774681786041914
Thomas-style,3,MPC|OXY|WMB,OXY,0.2836115413169788
Thomas-style,3,MPC|OXY|WMB,WMB,0.3986416408226021
Thomas-style,3,CNQ|OXY|PSX,CNQ,0.42067584490820836
Thomas-style,3,CNQ|OXY|PSX,OXY,0.20450739480431393
Thomas-style,3,CNQ|OXY|PSX,PSX,0.3748167602874778
Thomas-style,3,CVE|OXY|PSX,CVE,0.2562173243522585
Thomas-style,3,CVE|OXY|PSX,OXY,0.26407748432357975
Thomas-style,3,CVE|OXY|PSX,PSX,0.4797051913241617
Thomas-style,3,OXY|PSX|SU,OXY,0.2110862795730881
Thomas-style,3,OXY|PSX|SU,PSX,0.36199667804205804
Thomas-style,3,OXY|PSX|SU,SU,0.42691704238485395
Thomas-style,3,IMO|OXY|PSX,IMO,0.3952328147502158
Thomas-style,3,IMO|OXY|PSX,OXY,0.23269769134416168
Thomas-style,3,IMO|OXY|PSX,PSX,0.3720694939056224
Thomas-style,3,ENB|OXY|PSX,ENB,0.3951439507410717
Thomas-style,3,ENB|OXY|PSX,OXY,0.28259382184263016
Thomas-style,3,ENB|OXY|PSX,PSX,0.3222622274162981
Thomas-style,3,OXY|PSX|TRP,OXY,0.29794713947035156
Thomas-style,3,OXY|PSX|TRP,PSX,0.3610269110866562
Thomas-style,3,OXY|PSX|TRP,TRP,0.3410259494429923
Thomas-style,3,OXY|PBA|PSX,OXY,0.2599184538187312
Thomas-style,3,OXY|PBA|PSX,PBA,0.42724418533484615
Thomas-style,3,OXY|PBA|PSX,PSX,0.31283736084642266
Thomas-style,3,OXY|PSX|WMB,OXY,0.2656492816403862
Thomas-style,3,OXY|PSX|WMB,PSX,0.3376557222041212
Thomas-style,3,OXY|PSX|WMB,WMB,0.3966949961554926
Thomas-style,3,CNQ|OXY|VLO,CNQ,0.47719923756368704
Thomas-style,3,CNQ|OXY|VLO,OXY,0.20594123105823792
Thomas-style,3,CNQ|OXY|VLO,VLO,0.316859531378075
Thomas-style,3,CVE|OXY|VLO,CVE,0.3053511717242302
Thomas-style,3,CVE|OXY|VLO,OXY,0.2946384978621381
Thomas-style,3,CVE|OXY|VLO,VLO,0.40001033041363177
Thomas-style,3,OXY|SU|VLO,OXY,0.22814550643881487
Thomas-style,3,OXY|SU|VLO,SU,0.47812801179174486
Thomas-style,3,OXY|SU|VLO,VLO,0.29372648176944033
Thomas-style,3,IMO|OXY|VLO,IMO,0.44245908867667694
Thomas-style,3,IMO|OXY|VLO,OXY,0.25832734964915566
Thomas-style,3,IMO|OXY|VLO,VLO,0.2992135616741675
Thomas-style,3,ENB|OXY|VLO,ENB,0.43312215912863783
Thomas-style,3,ENB|OXY|VLO,OXY,0.29007382661530984
Thomas-style,3,ENB|OXY|VLO,VLO,0.27680401425605244
Thomas-style,3,OXY|TRP|VLO,OXY,0.31108496764458227
Thomas-style,3,OXY|TRP|VLO,TRP,0.38124566883794403
Thomas-style,3,OXY|TRP|VLO,VLO,0.3076693635174738
Thomas-style,3,OXY|PBA|VLO,OXY,0.27368794029489313
Thomas-style,3,OXY|PBA|VLO,PBA,0.46635099907608163
Thomas-style,3,OXY|PBA|VLO,VLO,0.2599610606290252
Thomas-style,3,OXY|VLO|WMB,OXY,0.27436054769495183
Thomas-style,3,OXY|VLO|WMB,VLO,0.28671660974110563
Thomas-style,3,OXY|VLO|WMB,WMB,0.4389228425639426
Thomas-style,3,CNQ|EQT|MPC,CNQ,0.5078974122379238
Thomas-style,3,CNQ|EQT|MPC,EQT,0.07551805077908474
Thomas-style,3,CNQ|EQT|MPC,MPC,0.41658453698299136
Thomas-style,3,CVE|EQT|MPC,CVE,0.3575358927844991
Thomas-style,3,CVE|EQT|MPC,EQT,0.13357305357933894
Thomas-style,3,CVE|EQT|MPC,MPC,0.5088910536361619
Thomas-style,3,EQT|MPC|SU,EQT,0.09984483629701442
Thomas-style,3,EQT|MPC|SU,MPC,0.39032362804087845
Thomas-style,3,EQT|MPC|SU,SU,0.5098315356621071
Thomas-style,3,EQT|IMO|MPC,EQT,0.11183968423080524
Thomas-style,3,EQT|IMO|MPC,IMO,0.4733313072123427
Thomas-style,3,EQT|IMO|MPC,MPC,0.4148290085568521
Thomas-style,3,ENB|EQT|MPC,ENB,0.4438764005910297
Thomas-style,3,ENB|EQT|MPC,EQT,0.08293491484315675
Thomas-style,3,ENB|EQT|MPC,MPC,0.4731886845658136
Thomas-style,3,EQT|MPC|TRP,EQT,0.09272892621413356
Thomas-style,3,EQT|MPC|TRP,MPC,0.531451333929954
Thomas-style,3,EQT|MPC|TRP,TRP,0.3758197398559124
Thomas-style,3,EQT|MPC|PBA,EQT,0.07501383760579648
Thomas-style,3,EQT|MPC|PBA,MPC,0.43278834684491185
Thomas-style,3,EQT|MPC|PBA,PBA,0.49219781554929165
Thomas-style,3,EQT|MPC|WMB,EQT,0.03853254841771996
Thomas-style,3,EQT|MPC|WMB,MPC,0.48325834073966883
Thomas-style,3,EQT|MPC|WMB,WMB,0.47820911084261125
Thomas-style,3,CNQ|EQT|PSX,CNQ,0.4961795980651445
Thomas-style,3,CNQ|EQT|PSX,EQT,0.07735507548153123
Thomas-style,3,CNQ|EQT|PSX,PSX,0.42646532645332424
Thomas-style,3,CVE|EQT|PSX,CVE,0.34646579135454747
Thomas-style,3,CVE|EQT|PSX,EQT,0.13495086908833004
Thomas-style,3,CVE|EQT|PSX,PSX,0.5185833395571225
Thomas-style,3,EQT|PSX|SU,EQT,0.09997773651916902
Thomas-style,3,EQT|PSX|SU,PSX,0.40167705131607695
Thomas-style,3,EQT|PSX|SU,SU,0.498345212164754
Thomas-style,3,EQT|IMO|PSX,EQT,0.1070210338289933
Thomas-style,3,EQT|IMO|PSX,IMO,0.46367905690332667
Thomas-style,3,EQT|IMO|PSX,PSX,0.42929990926767997
Thomas-style,3,ENB|EQT|PSX,ENB,0.43806971163242736
Thomas-style,3,ENB|EQT|PSX,EQT,0.07829591047949884
Thomas-style,3,ENB|EQT|PSX,PSX,0.48363437788807384
Thomas-style,3,EQT|PSX|TRP,EQT,0.0877148420940157
Thomas-style,3,EQT|PSX|TRP,PSX,0.5387977346655498
Thomas-style,3,EQT|PSX|TRP,TRP,0.3734874232404345
Thomas-style,3,EQT|PBA|PSX,EQT,0.06860270842490708
Thomas-style,3,EQT|PBA|PSX,PBA,0.4846475924523318
Thomas-style,3,EQT|PBA|PSX,PSX,0.44674969912276113
Thomas-style,3,EQT|PSX|WMB,EQT,0.03014555562643992
Thomas-style,3,EQT|PSX|WMB,PSX,0.49384854306754367
Thomas-style,3,EQT|PSX|WMB,WMB,0.4760059013060165
Thomas-style,3,CNQ|EQT|VLO,CNQ,0.5536428725097359
Thomas-style,3,CNQ|EQT|VLO,EQT,0.08175429104297485
Thomas-style,3,CNQ|EQT|VLO,VLO,0.36460283644728936
Thomas-style,3,CVE|EQT|VLO,CVE,0.4022240085425969
Thomas-style,3,CVE|EQT|VLO,EQT,0.15925670651721674
Thomas-style,3,CVE|EQT|VLO,VLO,0.43851928494018644
Thomas-style,3,EQT|SU|VLO,EQT,0.11416191421319082
Thomas-style,3,EQT|SU|VLO,SU,0.5534523787507858
Thomas-style,3,EQT|SU|VLO,VLO,0.33238570703602344
Thomas-style,3,EQT|IMO|VLO,EQT,0.12605512709606898
Thomas-style,3,EQT|IMO|VLO,IMO,0.5189049572836842
Thomas-style,3,EQT|IMO|VLO,VLO,0.3550399156202468
Thomas-style,3,ENB|EQT|VLO,ENB,0.4984685289309587
Thomas-style,3,ENB|EQT|VLO,EQT,0.0816431514076526
Thomas-style,3,ENB|EQT|VLO,VLO,0.41988831966138873
Thomas-style,3,EQT|TRP|VLO,EQT,0.0939617571198221
Thomas-style,3,EQT|TRP|VLO,TRP,0.43675891184513904
Thomas-style,3,EQT|TRP|VLO,VLO,0.4692793310350388
Thomas-style,3,EQT|PBA|VLO,EQT,0.07693656495283144
Thomas-style,3,EQT|PBA|VLO,PBA,0.5410997792422347
Thomas-style,3,EQT|PBA|VLO,VLO,0.3819636558049338
Thomas-style,3,EQT|VLO|WMB,EQT,0.027832252305175532
Thomas-style,3,EQT|VLO|WMB,VLO,0.427581877631072
Thomas-style,3,EQT|VLO|WMB,WMB,0.5445858700637526
Thomas-style,3,CNQ|CVE|MPC,CNQ,0.4641565847084747
Thomas-style,3,CNQ|CVE|MPC,CVE,0.11622241277911881
Thomas-style,3,CNQ|CVE|MPC,MPC,0.4196210025124064
Thomas-style,3,CNQ|MPC|SU,CNQ,0.3211860263540133
Thomas-style,3,CNQ|MPC|SU,MPC,0.35785994714128905
Thomas-style,3,CNQ|MPC|SU,SU,0.32095402650469773
Thomas-style,3,CNQ|IMO|MPC,CNQ,0.36624923848704816
Thomas-style,3,CNQ|IMO|MPC,IMO,0.27320258204555414
Thomas-style,3,CNQ|IMO|MPC,MPC,0.36054817946739764
Thomas-style,3,CNQ|ENB|MPC,CNQ,0.3817592463315426
Thomas-style,3,CNQ|ENB|MPC,ENB,0.29661463468358995
Thomas-style,3,CNQ|ENB|MPC,MPC,0.3216261189848675
Thomas-style,3,CNQ|MPC|TRP,CNQ,0.4127031657751408
Thomas-style,3,CNQ|MPC|TRP,MPC,0.34884510257985973
Thomas-style,3,CNQ|MPC|TRP,TRP,0.23845173164499942
Thomas-style,3,CNQ|MPC|PBA,CNQ,0.3578599551972644
Thomas-style,3,CNQ|MPC|PBA,MPC,0.31362629249230467
Thomas-style,3,CNQ|MPC|PBA,PBA,0.32851375231043095
Thomas-style,3,CNQ|MPC|WMB,CNQ,0.3880165976340576
Thomas-style,3,CNQ|MPC|WMB,MPC,0.3056911699538605
Thomas-style,3,CNQ|MPC|WMB,WMB,0.3062922324120819
Thomas-style,3,CNQ|CVE|PSX,CNQ,0.4593454614688295
Thomas-style,3,CNQ|CVE|PSX,CVE,0.11112120124198807
Thomas-style,3,CNQ|CVE|PSX,PSX,0.42953333728918247
Thomas-style,3,CNQ|PSX|SU,CNQ,0.3131618399803924
Thomas-style,3,CNQ|PSX|SU,PSX,0.36842174343247014
Thomas-style,3,CNQ|PSX|SU,SU,0.31841641658713754
Thomas-style,3,CNQ|IMO|PSX,CNQ,0.34209947263357177
Thomas-style,3,CNQ|IMO|PSX,IMO,0.2840413238071532
Thomas-style,3,CNQ|IMO|PSX,PSX,0.37385920355927516
Thomas-style,3,CNQ|ENB|PSX,CNQ,0.36283345819703433
Thomas-style,3,CNQ|ENB|PSX,ENB,0.3001491075181227
Thomas-style,3,CNQ|ENB|PSX,PSX,0.337017434284843
Thomas-style,3,CNQ|PSX|TRP,CNQ,0.39368285400280756
Thomas-style,3,CNQ|PSX|TRP,PSX,0.36275656398469436
Thomas-style,3,CNQ|PSX|TRP,TRP,0.24356058201249808
Thomas-style,3,CNQ|PBA|PSX,CNQ,0.33354581536563105
Thomas-style,3,CNQ|PBA|PSX,PBA,0.334858088582974
Thomas-style,3,CNQ|PBA|PSX,PSX,0.33159609605139495
Thomas-style,3,CNQ|PSX|WMB,CNQ,0.363332755912678
Thomas-style,3,CNQ|PSX|WMB,PSX,0.3245903480531302
Thomas-style,3,CNQ|PSX|WMB,WMB,0.3120768960341917
Thomas-style,3,CNQ|CVE|VLO,CNQ,0.5296243848474961
Thomas-style,3,CNQ|CVE|VLO,CVE,0.10289787932561352
Thomas-style,3,CNQ|CVE|VLO,VLO,0.3674777358268905
Thomas-style,3,CNQ|SU|VLO,CNQ,0.3666931460625264
Thomas-style,3,CNQ|SU|VLO,SU,0.322110611016177
Thomas-style,3,CNQ|SU|VLO,VLO,0.31119624292129666
Thomas-style,3,CNQ|IMO|VLO,CNQ,0.40384046360325315
Thomas-style,3,CNQ|IMO|VLO,IMO,0.2812168657515391
Thomas-style,3,CNQ|IMO|VLO,VLO,0.31494267064520776
Thomas-style,3,CNQ|ENB|VLO,CNQ,0.3811619144744067
Thomas-style,3,CNQ|ENB|VLO,ENB,0.3223540831926686
Thomas-style,3,CNQ|ENB|VLO,VLO,0.29648400233292466
Thomas-style,3,CNQ|TRP|VLO,CNQ,0.4184631994664798
Thomas-style,3,CNQ|TRP|VLO,TRP,0.2651430181991926
Thomas-style,3,CNQ|TRP|VLO,VLO,0.3163937823343277
Thomas-style,3,CNQ|PBA|VLO,CNQ,0.3644518067308077
Thomas-style,3,CNQ|PBA|VLO,PBA,0.3499260423404328
Thomas-style,3,CNQ|PBA|VLO,VLO,0.2856221509287596
Thomas-style,3,CNQ|VLO|WMB,CNQ,0.38353130663737706
Thomas-style,3,CNQ|VLO|WMB,VLO,0.28452893248293926
Thomas-style,3,CNQ|VLO|WMB,WMB,0.3319397608796837
Thomas-style,3,CNQ|CVE|MPC,CNQ,0.4641565847084747
Thomas-style,3,CNQ|CVE|MPC,CVE,0.11622241277911881
Thomas-style,3,CNQ|CVE|MPC,MPC,0.4196210025124064
Thomas-style,3,CVE|MPC|SU,CVE,0.13334012934633804
Thomas-style,3,CVE|MPC|SU,MPC,0.4066279800453717
Thomas-style,3,CVE|MPC|SU,SU,0.4600318906082903
Thomas-style,3,CVE|IMO|MPC,CVE,0.19788016096735367
Thomas-style,3,CVE|IMO|MPC,IMO,0.3950459064960892
Thomas-style,3,CVE|IMO|MPC,MPC,0.4070739325365571
Thomas-style,3,CVE|ENB|MPC,CVE,0.295990290138233
Thomas-style,3,CVE|ENB|MPC,ENB,0.3992084185322732
Thomas-style,3,CVE|ENB|MPC,MPC,0.3048012913294938
Thomas-style,3,CVE|MPC|TRP,CVE,0.3137693815340606
Thomas-style,3,CVE|MPC|TRP,MPC,0.34376020445590955
Thomas-style,3,CVE|MPC|TRP,TRP,0.34247041401003
Thomas-style,3,CVE|MPC|PBA,CVE,0.262926018218476
Thomas-style,3,CVE|MPC|PBA,MPC,0.30883676746632205
Thomas-style,3,CVE|MPC|PBA,PBA,0.42823721431520206
Thomas-style,3,CVE|MPC|WMB,CVE,0.2872806197209338
Thomas-style,3,CVE|MPC|WMB,MPC,0.30951073577070637
Thomas-style,3,CVE|MPC|WMB,WMB,0.40320864450835986
Thomas-style,3,CNQ|CVE|PSX,CNQ,0.4593454614688295
Thomas-style,3,CNQ|CVE|PSX,CVE,0.11112120124198807
Thomas-style,3,CNQ|CVE|PSX,PSX,0.42953333728918247
Thomas-style,3,CVE|PSX|SU,CVE,0.12574786295903093
Thomas-style,3,CVE|PSX|SU,PSX,0.4174309579924977
Thomas-style,3,CVE|PSX|SU,SU,0.45682117904847136
Thomas-style,3,CVE|IMO|PSX,CVE,0.17776844572928546
Thomas-style,3,CVE|IMO|PSX,IMO,0.4007674053255461
Thomas-style,3,CVE|IMO|PSX,PSX,0.4214641489451685
Thomas-style,3,CVE|ENB|PSX,CVE,0.28127400208284037
Thomas-style,3,CVE|ENB|PSX,ENB,0.3957799295697936
Thomas-style,3,CVE|ENB|PSX,PSX,0.3229460683473661
Thomas-style,3,CVE|PSX|TRP,CVE,0.2987786487198743
Thomas-style,3,CVE|PSX|TRP,PSX,0.3599289141293897
Thomas-style,3,CVE|PSX|TRP,TRP,0.341292437150736
Thomas-style,3,CVE|PBA|PSX,CVE,0.24458383406463363
Thomas-style,3,CVE|PBA|PSX,PBA,0.425425384557443
Thomas-style,3,CVE|PBA|PSX,PSX,0.3299907813779234
Thomas-style,3,CVE|PSX|WMB,CVE,0.2674823158924663
Thomas-style,3,CVE|PSX|WMB,PSX,0.3317637828705597
Thomas-style,3,CVE|PSX|WMB,WMB,0.400753901236974
Thomas-style,3,CNQ|CVE|VLO,CNQ,0.5296243848474961
Thomas-style,3,CNQ|CVE|VLO,CVE,0.10289787932561352
Thomas-style,3,CNQ|CVE|VLO,VLO,0.3674777358268905
Thomas-style,3,CVE|SU|VLO,CVE,0.1448824337853424
Thomas-style,3,CVE|SU|VLO,SU,0.5100270557576906
Thomas-style,3,CVE|SU|VLO,VLO,0.34509051045696704
Thomas-style,3,CVE|IMO|VLO,CVE,0.2105570133788849
Thomas-style,3,CVE|IMO|VLO,IMO,0.44404007102014653
Thomas-style,3,CVE|IMO|VLO,VLO,0.3454029156009686
Thomas-style,3,CVE|ENB|VLO,CVE,0.2910867837194972
Thomas-style,3,CVE|ENB|VLO,ENB,0.4300453273613224
Thomas-style,3,CVE|ENB|VLO,VLO,0.27886788891918046
Thomas-style,3,CVE|TRP|VLO,CVE,0.31483687057846316
Thomas-style,3,CVE|TRP|VLO,TRP,0.3775304739953182
Thomas-style,3,CVE|TRP|VLO,VLO,0.30763265542621865
Thomas-style,3,CVE|PBA|VLO,CVE,0.2619885187788447
Thomas-style,3,CVE|PBA|VLO,PBA,0.4621825854251914
Thomas-style,3,CVE|PBA|VLO,VLO,0.2758288957959639
Thomas-style,3,CVE|VLO|WMB,CVE,0.2793113747174713
Thomas-style,3,CVE|VLO|WMB,VLO,0.28302182824876293
Thomas-style,3,CVE|VLO|WMB,WMB,0.43766679703376576
Thomas-style,3,CNQ|MPC|SU,CNQ,0.3211860263540133
Thomas-style,3,CNQ|MPC|SU,MPC,0.35785994714128905
Thomas-style,3,CNQ|MPC|SU,SU,0.32095402650469773
Thomas-style,3,CVE|MPC|SU,CVE,0.13334012934633804
Thomas-style,3,CVE|MPC|SU,MPC,0.4066279800453717
Thomas-style,3,CVE|MPC|SU,SU,0.4600318906082903
Thomas-style,3,IMO|MPC|SU,IMO,0.27815700822461287
Thomas-style,3,IMO|MPC|SU,MPC,0.3519748486685979
Thomas-style,3,IMO|MPC|SU,SU,0.3698681431067893
Thomas-style,3,ENB|MPC|SU,ENB,0.3108168109519531
Thomas-style,3,ENB|MPC|SU,MPC,0.29511582622927246
Thomas-style,3,ENB|MPC|SU,SU,0.39406736281877447
Thomas-style,3,MPC|SU|TRP,MPC,0.3212588966454171
Thomas-style,3,MPC|SU|TRP,SU,0.42272689839644767
Thomas-style,3,MPC|SU|TRP,TRP,0.25601420495813526
Thomas-style,3,MPC|PBA|SU,MPC,0.2889945839627367
Thomas-style,3,MPC|PBA|SU,PBA,0.3406985096695184
Thomas-style,3,MPC|PBA|SU,SU,0.3703069063677449
Thomas-style,3,MPC|SU|WMB,MPC,0.2760615358730391
Thomas-style,3,MPC|SU|WMB,SU,0.4011212133727396
Thomas-style,3,MPC|SU|WMB,WMB,0.3228172507542213
Thomas-style,3,CNQ|PSX|SU,CNQ,0.3131618399803924
Thomas-style,3,CNQ|PSX|SU,PSX,0.36842174343247014
Thomas-style,3,CNQ|PSX|SU,SU,0.31841641658713754
Thomas-style,3,CVE|PSX|SU,CVE,0.12574786295903093
Thomas-style,3,CVE|PSX|SU,PSX,0.4174309579924977
Thomas-style,3,CVE|PSX|SU,SU,0.45682117904847136
Thomas-style,3,IMO|PSX|SU,IMO,0.28551976903934806
Thomas-style,3,IMO|PSX|SU,PSX,0.3667717977377631
Thomas-style,3,IMO|PSX|SU,SU,0.34770843322288886
Thomas-style,3,ENB|PSX|SU,ENB,0.3107385676635583
Thomas-style,3,ENB|PSX|SU,PSX,0.31285628432973006
Thomas-style,3,ENB|PSX|SU,SU,0.3764051480067116
Thomas-style,3,PSX|SU|TRP,PSX,0.33745312564227237
Thomas-style,3,PSX|SU|TRP,SU,0.4049497943437532
Thomas-style,3,PSX|SU|TRP,TRP,0.2575970800139745
Thomas-style,3,PBA|PSX|SU,PBA,0.34240942308559325
Thomas-style,3,PBA|PSX|SU,PSX,0.3096022099772446
Thomas-style,3,PBA|PSX|SU,SU,0.3479883669371622
Thomas-style,3,PSX|SU|WMB,PSX,0.2983947059053933
Thomas-style,3,PSX|SU|WMB,SU,0.3779253267708766
Thomas-style,3,PSX|SU|WMB,WMB,0.3236799673237301
Thomas-style,3,CNQ|SU|VLO,CNQ,0.3666931460625264
Thomas-style,3,CNQ|SU|VLO,SU,0.322110611016177
Thomas-style,3,CNQ|SU|VLO,VLO,0.31119624292129666
Thomas-style,3,CVE|SU|VLO,CVE,0.1448824337853424
Thomas-style,3,CVE|SU|VLO,SU,0.5100270557576906
Thomas-style,3,CVE|SU|VLO,VLO,0.34509051045696704
Thomas-style,3,IMO|SU|VLO,IMO,0.30851854415469
Thomas-style,3,IMO|SU|VLO,SU,0.3930726899537981
Thomas-style,3,IMO|SU|VLO,VLO,0.29840876589151194
Thomas-style,3,ENB|SU|VLO,ENB,0.3439422719527679
Thomas-style,3,ENB|SU|VLO,SU,0.3868407117477392
Thomas-style,3,ENB|SU|VLO,VLO,0.26921701629949296
Thomas-style,3,SU|TRP|VLO,SU,0.42262713118576367
Thomas-style,3,SU|TRP|VLO,TRP,0.2896506171222765
Thomas-style,3,SU|TRP|VLO,VLO,0.28772225169195975
Thomas-style,3,PBA|SU|VLO,PBA,0.3724712121473012
Thomas-style,3,PBA|SU|VLO,SU,0.36866456266532205
Thomas-style,3,PBA|SU|VLO,VLO,0.25886422518737673
Thomas-style,3,SU|VLO|WMB,SU,0.3905982586093223
Thomas-style,3,SU|VLO|WMB,VLO,0.2546149883662866
Thomas-style,3,SU|VLO|WMB,WMB,0.35478675302439117
Thomas-style,3,CNQ|IMO|MPC,CNQ,0.36624923848704816
Thomas-style,3,CNQ|IMO|MPC,IMO,0.27320258204555414
Thomas-style,3,CNQ|IMO|MPC,MPC,0.36054817946739764
Thomas-style,3,CVE|IMO|MPC,CVE,0.19788016096735367
Thomas-style,3,CVE|IMO|MPC,IMO,0.3950459064960892
Thomas-style,3,CVE|IMO|MPC,MPC,0.4070739325365571
Thomas-style,3,IMO|MPC|SU,IMO,0.27815700822461287
Thomas-style,3,IMO|MPC|SU,MPC,0.3519748486685979
Thomas-style,3,IMO|MPC|SU,SU,0.3698681431067893
Thomas-style,3,ENB|IMO|MPC,ENB,0.32675313397889644
Thomas-style,3,ENB|IMO|MPC,IMO,0.35182647799928873
Thomas-style,3,ENB|IMO|MPC,MPC,0.3214203880218148
Thomas-style,3,IMO|MPC|TRP,IMO,0.3849840414325934
Thomas-style,3,IMO|MPC|TRP,MPC,0.34085406036156124
Thomas-style,3,IMO|MPC|TRP,TRP,0.2741618982058454
Thomas-style,3,IMO|MPC|PBA,IMO,0.32880917884557087
Thomas-style,3,IMO|MPC|PBA,MPC,0.3077479575200131
Thomas-style,3,IMO|MPC|PBA,PBA,0.36344286363441614
Thomas-style,3,IMO|MPC|WMB,IMO,0.36084700068130776
Thomas-style,3,IMO|MPC|WMB,MPC,0.29979661217553544
Thomas-style,3,IMO|MPC|WMB,WMB,0.3393563871431568
Thomas-style,3,CNQ|IMO|PSX,CNQ,0.34209947263357177
Thomas-style,3,CNQ|IMO|PSX,IMO,0.2840413238071532
Thomas-style,3,CNQ|IMO|PSX,PSX,0.37385920355927516
Thomas-style,3,CVE|IMO|PSX,CVE,0.17776844572928546
Thomas-style,3,CVE|IMO|PSX,IMO,0.4007674053255461
Thomas-style,3,CVE|IMO|PSX,PSX,0.4214641489451685
Thomas-style,3,IMO|PSX|SU,IMO,0.28551976903934806
Thomas-style,3,IMO|PSX|SU,PSX,0.3667717977377631
Thomas-style,3,IMO|PSX|SU,SU,0.34770843322288886
Thomas-style,3,ENB|IMO|PSX,ENB,0.3176816727659077
Thomas-style,3,ENB|IMO|PSX,IMO,0.33935503841503084
Thomas-style,3,ENB|IMO|PSX,PSX,0.3429632888190614
Thomas-style,3,IMO|PSX|TRP,IMO,0.37159291921422094
Thomas-style,3,IMO|PSX|TRP,PSX,0.3611467593148544
Thomas-style,3,IMO|PSX|TRP,TRP,0.2672603214709246
Thomas-style,3,IMO|PBA|PSX,IMO,0.31290853140927943
Thomas-style,3,IMO|PBA|PSX,PBA,0.354596649441017
Thomas-style,3,IMO|PBA|PSX,PSX,0.3324948191497035
Thomas-style,3,IMO|PSX|WMB,IMO,0.34197185165000904
Thomas-style,3,IMO|PSX|WMB,PSX,0.32679666880715935
Thomas-style,3,IMO|PSX|WMB,WMB,0.33123147954283166
Thomas-style,3,CNQ|IMO|VLO,CNQ,0.40384046360325315
Thomas-style,3,CNQ|IMO|VLO,IMO,0.2812168657515391
Thomas-style,3,CNQ|IMO|VLO,VLO,0.31494267064520776
Thomas-style,3,CVE|IMO|VLO,CVE,0.2105570133788849
Thomas-style,3,CVE|IMO|VLO,IMO,0.44404007102014653
Thomas-style,3,CVE|IMO|VLO,VLO,0.3454029156009686
Thomas-style,3,IMO|SU|VLO,IMO,0.30851854415469
Thomas-style,3,IMO|SU|VLO,SU,0.3930726899537981
Thomas-style,3,IMO|SU|VLO,VLO,0.29840876589151194
Thomas-style,3,ENB|IMO|VLO,ENB,0.3607118848305851
Thomas-style,3,ENB|IMO|VLO,IMO,0.3465930357016979
Thomas-style,3,ENB|IMO|VLO,VLO,0.2926950794677169
Thomas-style,3,IMO|TRP|VLO,IMO,0.3868965552209715
Thomas-style,3,IMO|TRP|VLO,TRP,0.30702922389709875
Thomas-style,3,IMO|TRP|VLO,VLO,0.3060742208819297
Thomas-style,3,IMO|PBA|VLO,IMO,0.3295655607469506
Thomas-style,3,IMO|PBA|VLO,PBA,0.3940274525694029
Thomas-style,3,IMO|PBA|VLO,VLO,0.2764069866836466
Thomas-style,3,IMO|VLO|WMB,IMO,0.3521214972426214
Thomas-style,3,IMO|VLO|WMB,VLO,0.27608259098730914
Thomas-style,3,IMO|VLO|WMB,WMB,0.3717959117700694
