basket_type,n_stocks,stocks,test_correlation,test_r_squared,test_tracking_error,test_rmse,annualized_xom_volatility,annualized_basket_volatility,volatility_reduction,xom_final_wealth,basket_final_wealth,xom_max_drawdown,basket_max_drawdown
Thomas-style,3,COP|ENB|PSX,0.8036310026062071,0.6432377267243012,0.00936555583928151,0.0093488590530672,0.24891549641880834,0.21266147237541777,0.14564791893226292,151.76733944897228,149.4565138447566,-0.20133304516380612,-0.13474249120252857
Thomas-style,3,COP|PSX|TRP,0.8021103421343561,0.6360851906853082,0.009458439080625642,0.009442109130142196,0.24891549641880834,0.22084051755925785,0.11278919658868258,151.76733944897228,156.6855960357149,-0.20133304516380612,-0.128058590441947
Thomas-style,3,COP|ENB|MPC,0.7992747660120387,0.6353110775286817,0.009469083190831415,0.00945214633914414,0.24891549641880834,0.21372128485065586,0.14139019898117178,151.76733944897228,149.86229073805725,-0.20133304516380612,-0.11868111688187966
Thomas-style,3,COP|PBA|PSX,0.8012265460340539,0.6329519741247476,0.009499136780647026,0.009482669127281648,0.24891549641880834,0.22300336264936738,0.10410012290212323,151.76733944897228,156.45936724879544,-0.20133304516380612,-0.1234892584639018
Thomas-style,3,COP|ENB|VLO,0.7968209964570545,0.6322340030019425,0.00950902173421817,0.00949193897210585,0.24891549641880834,0.21124387429647787,0.15134301666356176,151.76733944897228,152.86196244102717,-0.20133304516380612,-0.11486980252583467
Thomas-style,3,COP|PSX|SU,0.8154841643763118,0.6252550152823559,0.00958958131395245,0.009581578578880532,0.24891549641880834,0.25216582327704834,-0.01305795302021373,151.76733944897228,170.61835818106135,-0.20133304516380612,-0.1801540643960211
Thomas-style,3,COP|MPC|TRP,0.7969742471456853,0.6258679233696823,0.009590090669907384,0.009573739874660906,0.24891549641880834,0.22229154036084983,0.10695981745211569,151.76733944897228,157.44979524924472,-0.20133304516380612,-0.11329103439896993
Thomas-style,3,COP|TRP|VLO,0.7941384424322442,0.6223902737240384,0.009633255192324249,0.009618132087228492,0.24891549641880834,0.22006388349574893,0.11590926775613697,151.76733944897228,160.7378675490156,-0.20133304516380612,-0.10586597130979258
Thomas-style,3,COP|PBA|VLO,0.795452207929586,0.6224120049494124,0.009633370054964606,0.009617855324225896,0.24891549641880834,0.22312576468916664,0.1036083815619484,151.76733944897228,159.88631913385478,-0.20133304516380612,-0.11091493400655172
Thomas-style,3,COP|MPC|PBA,0.7957223335935362,0.6214101541000696,0.009647238017832169,0.00963060635652383,0.24891549641880834,0.22499894629579847,0.09608300996563712,151.76733944897228,156.87166099002826,-0.20133304516380612,-0.11767847693249911
Thomas-style,3,COP|IMO|PSX,0.8115382854250611,0.6167794842653107,0.009699824878892968,0.009689325070903445,0.24891549641880834,0.2525682706069234,-0.014674756054436688,151.76733944897228,168.07981007904175,-0.20133304516380612,-0.16860288600235573
Thomas-style,3,COP|PSX|WMB,0.7883916281781279,0.6089617290105236,0.009805276467098946,0.009787657934524192,0.24891549641880834,0.22418027766995371,0.09937195194644222,151.76733944897228,152.8392921089368,-0.20133304516380612,-0.13206041185483508
Thomas-style,3,CNQ|COP|PSX,0.8143856620670749,0.6025331837884964,0.009877828308342473,0.009867782966363082,0.24891549641880834,0.26371925781054517,-0.05947304046843693,151.76733944897228,169.17872528910127,-0.20133304516380612,-0.18308393893700647
Thomas-style,3,COP|MPC|SU,0.8059483343648154,0.6020902402956461,0.00988040666229454,0.009873279844355659,0.24891549641880834,0.25434865262534956,-0.021827312018371847,151.76733944897228,172.40720890986785,-0.20133304516380612,-0.15736873268160745
Thomas-style,3,COP|SU|VLO,0.80620199197653,0.5984803688301126,0.009922086227774891,0.0099179643485086,0.24891549641880834,0.25654069118638584,-0.0306336683624866,151.76733944897228,175.4631631828179,-0.20133304516380612,-0.16448603096479875
Thomas-style,3,COP|IMO|VLO,0.8044050117807938,0.5947222345385557,0.009971939098102824,0.009964271213708582,0.24891549641880834,0.2567217807013162,-0.031361182388474296,151.76733944897228,172.11547954418438,-0.20133304516380612,-0.15344199007697656
Thomas-style,3,COP|IMO|MPC,0.8031856286820859,0.5948271372058631,0.009973215030262076,0.009962981547254753,0.24891549641880834,0.25539070401095787,-0.026013678076734825,151.76733944897228,169.24758771227218,-0.20133304516380612,-0.14800680476870354
Thomas-style,3,COP|MPC|WMB,0.7815942466320056,0.594080602957701,0.00999007679621459,0.00997215575999878,0.24891549641880834,0.2268177440880784,0.08877612140929048,151.76733944897228,153.26926764980558,-0.20133304516380612,-0.11580387717009599
Thomas-style,3,COP|VLO|WMB,0.7764348580991973,0.5868739192497732,0.010077854316380511,0.010060289014900834,0.24891549641880834,0.22468312652711514,0.09735179303951991,151.76733944897228,156.3807025281597,-0.20133304516380612,-0.11204753172597282
Thomas-style,3,COP|CVE|PSX,0.8121031031186478,0.5785264773114791,0.010167687681640924,0.010161417593667375,0.24891549641880834,0.27254339671918126,-0.09492338018448732,151.76733944897228,174.12726375551316,-0.20133304516380612,-0.16659937828575933
Thomas-style,3,EOG|PSX|TRP,0.7630154906763583,0.5776516315231376,0.01019022638064396,0.010171958072073033,0.24891549641880834,0.20668839545086995,0.1696443233766769,151.76733944897228,150.1179331270185,-0.20133304516380612,-0.11954769518119546
Thomas-style,3,CNQ|COP|MPC,0.8044997436634055,0.5763422636987475,0.010196948342221538,0.010187713463575318,0.24891549641880834,0.2661653879444174,-0.06930019132511367,151.76733944897228,171.08659901629267,-0.20133304516380612,-0.1594929019107736
Thomas-style,3,EOG|PSX|SU,0.7826320985246963,0.5757296117496078,0.01020848572580332,0.010195077034611482,0.24891549641880834,0.24227971069976462,0.026658789085106993,151.76733944897228,165.80658099248245,-0.20133304516380612,-0.13814962407190134
Thomas-style,3,ENB|EOG|PSX,0.7597410707418096,0.5750816494557708,0.010219049695550231,0.010202859224181248,0.24891549641880834,0.20007815310698374,0.19620049379992877,151.76733944897228,143.07567811560634,-0.20133304516380612,-0.11508538421182446
Thomas-style,3,CNQ|COP|VLO,0.8035203754438545,0.5687998727328647,0.010283544687368114,0.010277999474333355,0.24891549641880834,0.2685204997740031,-0.07876168272869899,151.76733944897228,175.1829181430782,-0.20133304516380612,-0.16698551796606353
Thomas-style,3,EOG|PBA|PSX,0.75932369221461,0.568579091939031,0.010299091274490767,0.010280630380900675,0.24891549641880834,0.2112526243434988,0.15130786398264462,151.76733944897228,150.07278052101327,-0.20133304516380612,-0.12295930204430261
Thomas-style,3,CNQ|EOG|PSX,0.7851825317090364,0.558512037144435,0.0104145343832726,0.010399886137713706,0.24891549641880834,0.25521054837733415,-0.02528991585133844,151.76733944897228,164.60060105344243,-0.20133304516380612,-0.14817995798326722
Thomas-style,3,EOG|IMO|PSX,0.7745509156941781,0.5584388357213844,0.010416401675268328,0.010400748284561424,0.24891549641880834,0.24333877319210018,0.022404082136072145,151.76733944897228,162.86404109275531,-0.20133304516380612,-0.12643615214116055
Thomas-style,3,COP|CVE|MPC,0.8031364230410266,0.5532040160055101,0.010466743246955316,0.010462218391261944,0.24891549641880834,0.2748371145737239,-0.10413822573465503,151.76733944897228,176.70056990336315,-0.20133304516380612,-0.13828804852830823
Thomas-style,3,ENB|EOG|VLO,0.7463332508875087,0.554184409658149,0.010469044237273833,0.010450733590843626,0.24891549641880834,0.19890576120515946,0.20091049345319134,151.76733944897228,147.36860169044553,-0.20133304516380612,-0.09835918913648489
Thomas-style,3,EOG|PSX|WMB,0.7505879786904553,0.553645467479269,0.010475357426178519,0.010457048578544476,0.24891549641880834,0.21133567984168644,0.15097419452701588,151.76733944897228,147.31434057216904,-0.20133304516380612,-0.11536748694192744
Thomas-style,3,EOG|TRP|VLO,0.7481716626413336,0.5534232730395112,0.010478202548651653,0.010459651004189207,0.24891549641880834,0.20600581237512838,0.17238655150454363,151.76733944897228,155.20955283472196,-0.20133304516380612,-0.10293130343154522
Thomas-style,3,EOG|PBA|VLO,0.7485167060741347,0.5500862428541807,0.010517426713972695,0.01049865797258015,0.24891549641880834,0.2114281754655256,0.15060260004949277,151.76733944897228,154.2676041142767,-0.20133304516380612,-0.10886183583022091
Thomas-style,3,ENB|EOG|MPC,0.7445709241837742,0.5482471338545741,0.010537654180397675,0.010520093730888512,0.24891549641880834,0.20464457821358903,0.17785521127512316,151.76733944897228,144.67363785686337,-0.20133304516380612,-0.10949503637986313
Thomas-style,3,ENB|OXY|PSX,0.7418688841183985,0.5471163776993182,0.010552039166198334,0.010533251617754903,0.24891549641880834,0.19882062478066656,0.20125252287971473,151.76733944897228,148.99977790914656,-0.20133304516380612,-0.12166013925098462
Thomas-style,3,OXY|PSX|TRP,0.7443838078282262,0.5467240062291936,0.010555481860345437,0.01053781355422808,0.24891549641880834,0.2065101343656277,0.17036047439100477,151.76733944897228,159.00755309755854,-0.20133304516380612,-0.12812398651582735
Thomas-style,3,EOG|MPC|TRP,0.7458392250894276,0.5450886460549255,0.010575843630350235,0.010556805961851275,0.24891549641880834,0.2119789029595071,0.14839009218274712,151.76733944897228,151.93747696431913,-0.20133304516380612,-0.11478601987481674
Thomas-style,3,COP|CVE|VLO,0.8037002813409474,0.5433405465590657,0.01057787352882855,0.01057706996741378,0.24891549641880834,0.2791678982873975,-0.12153683600995469,151.76733944897228,180.3595554189562,-0.20133304516380612,-0.14656563942080691
Thomas-style,3,DVN|ENB|PSX,0.7393079213202679,0.5437397934975862,0.010591476474518025,0.01057244531094054,0.24891549641880834,0.1972747814766229,0.20746283652544584,151.76733944897228,150.61713380331852,-0.20133304516380612,-0.11023268560996535
Thomas-style,3,DVN|PSX|TRP,0.7413596213431336,0.5424948291104472,0.010603391176375857,0.010586859620112443,0.24891549641880834,0.20520987396776355,0.17558417647693847,151.76733944897228,161.90728752375264,-0.20133304516380612,-0.11767999849002875
Thomas-style,3,EOG|MPC|PBA,0.7441146046521205,0.538302085877755,0.010654433533602336,0.010635259893260186,0.24891549641880834,0.21611518239033498,0.1317728887930938,151.76733944897228,151.28073955158354,-0.20133304516380612,-0.1184272864175342
Thomas-style,3,ENB|FANG|PSX,0.7338232331319081,0.5370551863644961,0.010668785741704358,0.010649611440606577,0.24891549641880834,0.19210111593672363,0.22824766356246728,151.76733944897228,150.67928831143084,-0.20133304516380612,-0.09788005648434328
Thomas-style,3,EOG|SU|VLO,0.766909546317828,0.535944710301858,0.010672593082512635,0.010662376520612254,0.24891549641880834,0.24734123618979914,0.006324476586063721,151.76733944897228,171.41460602740815,-0.20133304516380612,-0.13513958192311548
Thomas-style,3,FANG|PSX|TRP,0.7350865292485332,0.5352345899101114,0.010687282362772933,0.010670531450397217,0.24891549641880834,0.200400103431961,0.19490708165962733,151.76733944897228,161.80717979974048,-0.20133304516380612,-0.10543344553639222
Thomas-style,3,CNQ|ENB|PSX,0.7340967491072123,0.530202703230837,0.010744567519649558,0.010728139391715154,0.24891549641880834,0.205595995304668,0.17403296193843187,151.76733944897228,162.69179834526383,-0.20133304516380612,-0.12184358564918996
Thomas-style,3,OXY|PSX|SU,0.7656928503636118,0.5289608252792035,0.010745652346657253,0.010742309595374845,0.24891549641880834,0.2494561858258144,-0.0021721805784897796,151.76733944897228,178.6248583075126,-0.20133304516380612,-0.17112310660932772
Thomas-style,3,CNQ|PSX|TRP,0.7380700799289248,0.5293244073476834,0.010748211169432698,0.010738162949701714,0.24891549641880834,0.213801963129798,0.14106607983108732,151.76733944897228,171.84047454976948,-0.20133304516380612,-0.12729932378763997
Thomas-style,3,OXY|PBA|PSX,0.7378610841815965,0.529846386135034,0.010750735367962342,0.010732206991675139,0.24891549641880834,0.21365945009335047,0.14163861564544156,151.76733944897228,157.486493238677,-0.20133304516380612,-0.13102850697787183
Thomas-style,3,DVN|PBA|PSX,0.7368056461068644,0.5293269824683051,0.01075580165646924,0.010738133574795614,0.24891549641880834,0.21222398395467582,0.14740549701412675,151.76733944897228,160.0324367016433,-0.20133304516380612,-0.12226457259464274
Thomas-style,3,FANG|PSX|SU,0.7600933709515425,0.5276540177303461,0.01075667995098444,0.01075720050995634,0.24891549641880834,0.2439283304587871,0.02003557846647752,151.76733944897228,182.0161304439036,-0.20133304516380612,-0.15763726770410602
Thomas-style,3,EOG|MPC|SU,0.7631396532357001,0.5286360655825548,0.010759290072726392,0.010746012119794184,0.24891549641880834,0.24737637100728063,0.006183324998529138,151.76733944897228,167.824010003137,-0.20133304516380612,-0.12475584469895429
Thomas-style,3,CVE|EOG|PSX,0.7785863819516557,0.5264239728506017,0.010782677821255984,0.010771197915230141,0.24891549641880834,0.2637982300161831,-0.05979030559163756,151.76733944897228,170.24457066519753,-0.20133304516380612,-0.14020284540335648
Thomas-style,3,EOG|IMO|VLO,0.7610001086721565,0.5232528736746646,0.010820656459714573,0.010807200105859786,0.24891549641880834,0.24797918071856323,0.003761580591470026,151.76733944897228,167.77738813296008,-0.20133304516380612,-0.12448094815574073
Thomas-style,3,FANG|PBA|PSX,0.7287697265361678,0.5193463521047852,0.010869381290749288,0.010851387500579741,0.24891549641880834,0.20823375633024388,0.1634359478371572,151.76733944897228,159.76642222726272,-0.20133304516380612,-0.11113996061872256
Thomas-style,3,EOG|VLO|WMB,0.7298835145540996,0.5173870108702223,0.010893091347099922,0.010873482357663588,0.24891549641880834,0.21251158371062293,0.14625008579994014,151.76733944897228,151.91357031024677,-0.20133304516380612,-0.09814923655248142
Thomas-style,3,EOG|MPC|WMB,0.7329038029737658,0.5167999095500141,0.010899508014280251,0.010880094172594468,0.24891549641880834,0.21792201793176136,0.12451405771418689,151.76733944897228,148.9602722286692,-0.20133304516380612,-0.11845256340710697
Thomas-style,3,DVN|PSX|SU,0.7575061731445506,0.5148004725560603,0.010900513768156329,0.010902581342592999,0.24891549641880834,0.2480278394817142,0.003566097530547596,151.76733944897228,183.72514471152854,-0.20133304516380612,-0.15876339076615176
Thomas-style,3,CNQ|PBA|PSX,0.7316106656950895,0.5160972717572663,0.010900876636442224,0.010888001857625352,0.24891549641880834,0.21601769881465607,0.13216452200629836,151.76733944897228,168.83214327513326,-0.20133304516380612,-0.12843445936474585
Thomas-style,3,CNQ|PSX|WMB,0.7293141812422202,0.5160656634290113,0.010904170705876978,0.010888357451732283,0.24891549641880834,0.2125216774285329,0.14620953501842915,151.76733944897228,164.42973391337443,-0.20133304516380612,-0.11857105309403793
Thomas-style,3,CNQ|OXY|PSX,0.7742393519419907,0.5136813502090252,0.010921262039160896,0.010915147610885993,0.24891549641880834,0.2651023503062323,-0.06502951451519534,151.76733944897228,176.5273563681373,-0.20133304516380612,-0.17524360791182902
Thomas-style,3,DVN|ENB|VLO,0.7207768412243079,0.514764415577921,0.010922275568439782,0.01090298644071421,0.24891549641880834,0.196516558717512,0.21050894160937828,151.76733944897228,155.6202414078874,-0.20133304516380612,-0.09222570950809306
Thomas-style,3,CNQ|FANG|PSX,0.7684159574475786,0.5129120970833332,0.010925892097484728,0.010923776925912643,0.24891549641880834,0.2598859653916746,-0.04407306548085721,151.76733944897228,180.266704489511,-0.20133304516380612,-0.1487253743310133
Thomas-style,3,CNQ|EOG|VLO,0.7684077486476812,0.5096660085723218,0.010970645226954524,0.010960116018453528,0.24891549641880834,0.2616548578262408,-0.05117946287280595,151.76733944897228,171.9665199771437,-0.20133304516380612,-0.1333031938543523
Thomas-style,3,EOG|IMO|MPC,0.7553107703821016,0.510058233709147,0.010971710904011882,0.010955731565102794,0.24891549641880834,0.2490303502518626,-0.0004614169656236289,151.76733944897228,164.39317447658678,-0.20133304516380612,-0.12242821488249533
Thomas-style,3,ENB|FANG|VLO,0.7150719850831493,0.5083466541012547,0.010994268426669123,0.01097485144800529,0.24891549641880834,0.19150684138745894,0.230635118573564,151.76733944897228,155.64224843452342,-0.20133304516380612,-0.08014468225924076
Thomas-style,3,DVN|ENB|MPC,0.7185321761084554,0.5077208815204362,0.011001636459074204,0.010981833580084,0.24891549641880834,0.20189350310596793,0.1889074565037301,151.76733944897228,152.0516227842396,-0.20133304516380612,-0.10392360895363162
Thomas-style,3,CNQ|EOG|MPC,0.7652158561026802,0.5064995419635792,0.011009987057075258,0.010995448050472548,0.24891549641880834,0.260251200995879,-0.04554037309914194,151.76733944897228,166.84663775278094,-0.20133304516380612,-0.14222222742402935
Thomas-style,3,CNQ|PSX|SU,0.7521724213532649,0.5047287364111832,0.01101201975290225,0.011015157622023347,0.24891549641880834,0.24767435881251107,0.004986180547831398,151.76733944897228,184.92822246463362,-0.20133304516380612,-0.16095739258417718
Thomas-style,3,CNQ|PSX|SU,0.7521724213532649,0.5047287364111832,0.01101201975290225,0.011015157622023347,0.24891549641880834,0.24767435881251107,0.004986180547831398,151.76733944897228,184.92822246463362,-0.20133304516380612,-0.16095739258417718
Thomas-style,3,DVN|TRP|VLO,0.7187240622853732,0.5047730722708881,0.011027993382063722,0.011014664581694956,0.24891549641880834,0.20524990462447212,0.17542335620948024,151.76733944897228,168.632280757119,-0.20133304516380612,-0.09728658861073924
Thomas-style,3,ENB|MPC|OXY,0.7173174759316064,0.5038641228830429,0.011044614353999527,0.011024768215330142,0.24891549641880834,0.20427174608914048,0.1793530373639467,151.76733944897228,150.5804721836834,-0.20133304516380612,-0.11480070779282536
Thomas-style,3,CNQ|DVN|PSX,0.7676998597281517,0.5021532329989601,0.01104475535607849,0.011043760926850247,0.24891549641880834,0.2638797962483378,-0.060117992028714706,151.76733944897228,181.6048604874806,-0.20133304516380612,-0.16053323516706697
Thomas-style,3,ENB|OXY|VLO,0.7145081704687086,0.503150953988043,0.011052464268670287,0.011032689128398653,0.24891549641880834,0.19920679369053268,0.19970111722027606,151.76733944897228,153.96589267461357,-0.20133304516380612,-0.1017764042632342
Thomas-style,3,DVN|PBA|VLO,0.721207201862335,0.5017079447003749,0.011064313551976008,0.011048698749798304,0.24891549641880834,0.21295580522329083,0.1444654580083442,151.76733944897228,165.34988885047477,-0.20133304516380612,-0.10569490317508123
Thomas-style,3,OXY|PSX|WMB,0.7204623039313465,0.5008232873042646,0.011078403787308403,0.011058502215989485,0.24891549641880834,0.2129506283527756,0.14448625571113782,151.76733944897228,153.05199443284707,-0.20133304516380612,-0.11981092814567418
Thomas-style,3,FANG|IMO|PSX,0.7480872812509934,0.4990936617104489,0.011082796297272999,0.011077644263288285,0.24891549641880834,0.2467760390564651,0.008595115182156055,151.76733944897228,177.94591751860384,-0.20133304516380612,-0.13724914998845283
Thomas-style,3,ENB|PSX|SU,0.7091396305253547,0.49826739865945335,0.011103495645388954,0.011086776985303083,0.24891549641880834,0.19286814109954115,0.22516619545842065,151.76733944897228,163.56276523099743,-0.20133304516380612,-0.12519050628194395
Thomas-style,3,FANG|TRP|VLO,0.7115251014901777,0.4968076736780107,0.011116582398820742,0.011102893031311832,0.24891549641880834,0.2005756070921196,0.19420200840109736,151.76733944897228,168.42641617764374,-0.20133304516380612,-0.08469254364326417
Thomas-style,3,PSX|SU|TRP,0.7106292694320488,0.49553983777801536,0.011126942958205878,0.011116871573877586,0.24891549641880834,0.19990382096816448,0.19690086055622724,151.76733944897228,172.973028607433,-0.20133304516380612,-0.12872490392659763
Thomas-style,3,CVE|ENB|PSX,0.7128768591198563,0.495445239467612,0.01112925172354622,0.01111791386427975,0.24891549641880834,0.20466694497262472,0.17776535443873698,151.76733944897228,171.49867238503725,-0.20133304516380612,-0.10521344449993775
Thomas-style,3,DVN|MPC|TRP,0.7163791314777602,0.4950825829223299,0.011138371289826221,0.011121908732919975,0.24891549641880834,0.21151866170387265,0.15023907813282267,151.76733944897228,164.16720132681237,-0.20133304516380612,-0.1109531486750448
Thomas-style,3,ENB|FANG|MPC,0.7083749096826012,0.49476065518262313,0.01114551750384599,0.01112545374868889,0.24891549641880834,0.19720227613152683,0.20775412150424077,151.76733944897228,151.85615010807948,-0.20133304516380612,-0.09565808365275286
Thomas-style,3,OXY|TRP|VLO,0.7131719146330895,0.49324896163178744,0.011157745227190909,0.011142085188246678,0.24891549641880834,0.2079674201215089,0.164505934288651,151.76733944897228,165.61175658805524,-0.20133304516380612,-0.1073784474802223
Thomas-style,3,PBA|PSX|SU,0.7112823342572151,0.49293032850712193,0.011158190295524659,0.011145587578226188,0.24891549641880834,0.204668143479597,0.17776053952367732,151.76733944897228,170.0134682649544,-0.20133304516380612,-0.12339061067188661
Thomas-style,3,MPC|OXY|TRP,0.7163511917197898,0.4930490490692415,0.011162238613022719,0.011144282739900275,0.24891549641880834,0.21343840903989628,0.14252663208730376,151.76733944897228,161.26267000922942,-0.20133304516380612,-0.12167138233340247
Thomas-style,3,CVE|PSX|TRP,0.7150162478226935,0.4895595241658285,0.011180572723133976,0.01118257200730582,0.24891549641880834,0.21288963053746676,0.14473131002148176,151.76733944897228,184.5304293677759,-0.20133304516380612,-0.10612250248851096
Thomas-style,3,IMO|OXY|PSX,0.7503294586874328,0.4904597818729499,0.011181031473349999,0.011172706371762759,0.24891549641880834,0.2533080451434258,-0.017646746738607444,151.76733944897228,175.05130279250798,-0.20133304516380612,-0.15172280882658318
Thomas-style,3,FANG|PBA|VLO,0.712312398294907,0.49068904411542047,0.011186296173194863,0.011170192568319333,0.24891549641880834,0.20911630546491308,0.15989037053334687,151.76733944897228,164.97513228134508,-0.20133304516380612,-0.09427001953642233
Thomas-style,3,OXY|PBA|VLO,0.7154172876175084,0.4888955836970553,0.011207221991817583,0.011189842345083283,0.24891549641880834,0.21555737121703045,0.13401385482907724,151.76733944897228,162.69505582312155,-0.20133304516380612,-0.11427490425342612
Thomas-style,3,DVN|MPC|PBA,0.7156148137448376,0.4863978886451763,0.01123516420929723,0.011217150611915297,0.24891549641880834,0.21787947157215098,0.12468498463606392,151.76733944897228,161.46217293206828,-0.20133304516380612,-0.11620749940968766
Thomas-style,3,FANG|PSX|WMB,0.7089211404847005,0.4865031900957404,0.011235791729650082,0.011216000652877164,0.24891549641880834,0.20797275149283045,0.16448451589004487,151.76733944897228,155.99470950828984,-0.20133304516380612,-0.10029937447788051
Thomas-style,3,EQT|PSX|SU,0.7266456987253254,0.4850300881775903,0.011239782865093684,0.0112320771688985,0.24891549641880834,0.23178603053666147,0.068816390014248,151.76733944897228,175.87727597788907,-0.20133304516380612,-0.15527065496693415
Thomas-style,3,CNQ|EQT|PSX,0.745241132468471,0.48345639840195587,0.01125688368725791,0.011249226056020958,0.24891549641880834,0.2517205286990342,-0.011269014266216404,151.76733944897228,175.9785958774717,-0.20133304516380612,-0.16359224397190808
Thomas-style,3,CNQ|ENB|VLO,0.7079442942598824,0.48339925452945454,0.011262608938102651,0.011249848275094027,0.24891549641880834,0.2087644197877308,0.16130404578557078,151.76733944897228,170.14246289531644,-0.20133304516380612,-0.1073322514435292
Thomas-style,3,DVN|IMO|PSX,0.7456626075706149,0.48200078668009894,0.011269253765797389,0.011265064976210042,0.24891549641880834,0.2526445663969618,-0.01498126887158202,151.76733944897228,179.41659336610235,-0.20133304516380612,-0.13853879412150494
Thomas-style,3,DVN|PSX|WMB,0.7098995553695703,0.48218459131965474,0.01128295012074073,0.011263066174990809,0.24891549641880834,0.21340082469931262,0.14267762445669974,151.76733944897228,155.96417972455708,-0.20133304516380612,-0.11069808297379402
Thomas-style,3,MPC|OXY|PBA,0.7141433098241257,0.48140597930618745,0.011290640624203832,0.011271530836701866,0.24891549641880834,0.2197704658086794,0.11708805208773132,151.76733944897228,158.91412064311078,-0.20133304516380612,-0.12533530558052197
Thomas-style,3,FANG|MPC|TRP,0.704851573864724,0.47998265651079997,0.011303963459640588,0.011286988047329442,0.24891549641880834,0.20744381069323228,0.16660949728818253,151.76733944897228,163.86823051585552,-0.20133304516380612,-0.09793206092240081
Thomas-style,3,CVE|PBA|PSX,0.7123692023967059,0.47870413948631585,0.011305573291499695,0.011300854649715308,0.24891549641880834,0.21846572277042808,0.12232976285714059,151.76733944897228,179.02796259881057,-0.20133304516380612,-0.10867367728005306
Thomas-style,3,CNQ|IMO|PSX,0.7400171435436169,0.4746616835341181,0.011345447472314227,0.011344586998514771,0.24891549641880834,0.2505989306065159,-0.006763075067351965,151.76733944897228,182.63394327366075,-0.20133304516380612,-0.14717184239782133
Thomas-style,3,CNQ|IMO|PSX,0.7400171435436169,0.4746616835341181,0.011345447472314227,0.011344586998514771,0.24891549641880834,0.2505989306065159,-0.006763075067351965,151.76733944897228,182.63394327366075,-0.20133304516380612,-0.14717184239782133
Thomas-style,3,PSX|SU|WMB,0.6986203708202636,0.4752456474141278,0.011354553497425025,0.011338279947524876,0.24891549641880834,0.20165922822325008,0.18984863889730696,151.76733944897228,165.30534457646266,-0.20133304516380612,-0.12851338629588138
Thomas-style,3,CNQ|TRP|VLO,0.7094739374618879,0.47394500648491356,0.01135532486141094,0.011352322617499954,0.24891549641880834,0.2180965292896449,0.1238129709582626,151.76733944897228,180.76773249324594,-0.20133304516380612,-0.10955285327773312
Thomas-style,3,CVE|EOG|VLO,0.7631113641594904,0.47348362665849664,0.011363385144549806,0.011357299839235363,0.24891549641880834,0.27157165286845375,-0.09101946956137152,151.76733944897228,177.88382012956637,-0.20133304516380612,-0.12182674735558952
Thomas-style,3,CNQ|PBA|VLO,0.709807147368488,0.47115718509139737,0.011389525048569119,0.011382363610475128,0.24891549641880834,0.2208109797209737,0.11290786271718456,151.76733944897228,176.8872044915465,-0.20133304516380612,-0.11187010008410248
Thomas-style,3,FANG|MPC|PBA,0.7038602299901061,0.4706627177604612,0.011406249707641512,0.011387683614660452,0.24891549641880834,0.21422166206219712,0.13937996973172662,151.76733944897228,160.9655684798508,-0.20133304516380612,-0.10423505949273637
Thomas-style,3,CNQ|ENB|MPC,0.7031288612809243,0.46956488064055213,0.011415829561311782,0.011399486435630615,0.24891549641880834,0.21392845834196503,0.14055789446703026,151.76733944897228,165.4125025654049,-0.20133304516380612,-0.11463259177271756
Thomas-style,3,CVE|EOG|MPC,0.7566922698500945,0.4662594181707236,0.011446028821591387,0.011434949824829056,0.24891549641880834,0.26917712731712723,-0.08139963638193115,151.76733944897228,172.79028312754625,-0.20133304516380612,-0.133699071608258
Thomas-style,3,FANG|SU|VLO,0.7359458057522074,0.46262496628997973,0.011464932535243529,0.0114738163331202,0.24891549641880834,0.25191308164852305,-0.012042581811263275,151.76733944897228,190.76084217018712,-0.20133304516380612,-0.15198729490200757
Thomas-style,3,CNQ|VLO|WMB,0.7010194559390626,0.46050186626027123,0.011508445262508386,0.011496459780261013,0.24891549641880834,0.2176849964325035,0.12546627444101965,151.76733944897228,171.89596368949734,-0.20133304516380612,-0.1172795301540831
Thomas-style,3,CVE|PSX|SU,0.7336980918056081,0.4579100404061288,0.011509248788805602,0.01152404200760397,0.24891549641880834,0.2517301330212986,-0.011307598936124652,151.76733944897228,195.12912552683648,-0.20133304516380612,-0.16317488880320496
Thomas-style,3,CVE|PSX|SU,0.7336980918056081,0.4579100404061288,0.011509248788805602,0.01152404200760397,0.24891549641880834,0.2517301330212986,-0.011307598936124652,151.76733944897228,195.12912552683648,-0.20133304516380612,-0.16317488880320496
Thomas-style,3,MPC|OXY|SU,0.7390591792560053,0.4588652140755689,0.011516440403400696,0.011513884731660812,0.24891549641880834,0.2568050399930365,-0.031695670569877876,151.76733944897228,181.6590646442748,-0.20133304516380612,-0.1525285155117394
Thomas-style,3,CNQ|MPC|TRP,0.7047921467483359,0.45860112364161276,0.011526024482884862,0.01151669395405351,0.24891549641880834,0.22335093638346123,0.10270377056932567,151.76733944897228,175.0169438472587,-0.20133304516380612,-0.12095387836416471
Thomas-style,3,IMO|PSX|SU,0.7203961175931473,0.45586104975279673,0.011544979942104263,0.011545800742706046,0.24891549641880834,0.24083318041525348,0.03247011985929593,151.76733944897228,184.67726605235464,-0.20133304516380612,-0.1593960218596362
Thomas-style,3,IMO|PSX|SU,0.7203961175931473,0.45586104975279673,0.011544979942104263,0.011545800742706046,0.24891549641880834,0.24083318041525348,0.03247011985929593,151.76733944897228,184.67726605235464,-0.20133304516380612,-0.1593960218596362
Thomas-style,3,IMO|PBA|PSX,0.6906298812333841,0.45699174614060745,0.0115489725976221,0.01153379867589609,0.24891549641880834,0.206622318418181,0.1699097830754085,151.76733944897228,167.73731834107187,-0.20133304516380612,-0.10765649127180466
Thomas-style,3,CNQ|CVE|PSX,0.7490204588316113,0.4542671431658668,0.011553226586653578,0.011562698513909318,0.24891549641880834,0.2666812458414503,-0.07137261310862919,151.76733944897228,191.48092808120091,-0.20133304516380612,-0.14815535021959803
Thomas-style,3,CNQ|CVE|PSX,0.7490204588316113,0.4542671431658668,0.011553226586653578,0.011562698513909318,0.24891549641880834,0.2666812458414503,-0.07137261310862919,151.76733944897228,191.48092808120091,-0.20133304516380612,-0.14815535021959803
Thomas-style,3,OXY|SU|VLO,0.7383960168674756,0.4527696464461066,0.01157483351342873,0.011578551729399386,0.24891549641880834,0.2585310974335985,-0.03862998147215224,151.76733944897228,187.1422926328743,-0.20133304516380612,-0.1603805610160084
Thomas-style,3,FANG|MPC|SU,0.7305308271722006,0.45228960139526486,0.011582340727176241,0.01158362912322064,0.24891549641880834,0.2519330818137527,-0.012122931028236028,151.76733944897228,185.18356712068893,-0.20133304516380612,-0.14341920076044867
Thomas-style,3,ENB|IMO|PSX,0.6821926775832509,0.45376711395108227,0.011586738568013196,0.01156799447806199,0.24891549641880834,0.19640864704540487,0.21094246894560154,151.76733944897228,161.39084015439104,-0.20133304516380612,-0.10554507517179013
Thomas-style,3,CNQ|MPC|PBA,0.7022929271177352,0.4521925944341242,0.011597170007268245,0.011584654886938271,0.24891549641880834,0.22473899281148718,0.09712735428349306,151.76733944897228,171.51840506529334,-0.20133304516380612,-0.1225440122453808
Thomas-style,3,CVE|OXY|PSX,0.7636536114573829,0.44893361214183747,0.011607624699813133,0.011619063147890088,0.24891549641880834,0.28023607668197803,-0.12582816543680275,151.76733944897228,193.09044843478668,-0.20133304516380612,-0.15078855694325832
Thomas-style,3,CVE|PSX|WMB,0.6954455617524519,0.4498799716965375,0.01161915594015568,0.011609082012613256,0.24891549641880834,0.218144675091386,0.12361954868269609,151.76733944897228,174.47838243232908,-0.20133304516380612,-0.11825331245133264
Thomas-style,3,CNQ|MPC|WMB,0.6984065843155647,0.45021551322228626,0.011621348514138452,0.011605541036959387,0.24891549641880834,0.22177058018348408,0.10905273727776299,151.76733944897228,167.01921903773805,-0.20133304516380612,-0.11290738327341099
Thomas-style,3,CVE|ENB|VLO,0.68554912159816,0.44824918178774686,0.011632688854499364,0.011626276409266714,0.24891549641880834,0.206152721206686,0.17179635590133202,151.76733944897228,178.37343661094624,-0.20133304516380612,-0.10583631612490452
Thomas-style,3,CVE|FANG|PSX,0.7552726786227366,0.44597105003197646,0.01163334923246752,0.011650253633325098,0.24891549641880834,0.27453866343494643,-0.10293921987495014,151.76733944897228,196.99862132722234,-0.20133304516380612,-0.13312607674124421
Thomas-style,3,ENB|SU|VLO,0.6778224193194103,0.4482799078693718,0.01164018639762248,0.011625952680801185,0.24891549641880834,0.19425786544924303,0.21958307841791447,151.76733944897228,169.39426313420532,-0.20133304516380612,-0.11964436895145703
Thomas-style,3,PBA|SU|VLO,0.6847666762800299,0.4458392614832237,0.011659899829008703,0.011651639191538348,0.24891549641880834,0.2072481192668255,0.16739567343720596,151.76733944897228,176.5700477511302,-0.20133304516380612,-0.12268127909412807
Thomas-style,3,IMO|PSX|TRP,0.6814116266771296,0.4452050731911903,0.011671944142923971,0.011658304423972707,0.24891549641880834,0.203392513250895,0.1828852916867797,151.76733944897228,170.30440055801046,-0.20133304516380612,-0.10719321617959454
Thomas-style,3,DVN|SU|VLO,0.7318577598626398,0.44211859284765,0.011679059506323938,0.011690688660353206,0.24891549641880834,0.25700496695005104,-0.0324988626567142,151.76733944897228,193.463511834666,-0.20133304516380612,-0.15899683332194947
Thomas-style,3,ENB|MPC|SU,0.6781749664190155,0.4443629627477885,0.011683803822077864,0.01166714900490583,0.24891549641880834,0.1994373987453698,0.19877467809472993,151.76733944897228,165.86869798779108,-0.20133304516380612,-0.11569306752625053
Thomas-style,3,FANG|IMO|VLO,0.7274659322485877,0.44118994717756654,0.01169905231946148,0.011700414735738122,0.24891549641880834,0.2540216620034279,-0.02051365084971768,151.76733944897228,185.60620231632578,-0.20133304516380612,-0.13856351589262927
Thomas-style,3,MPC|OXY|WMB,0.6923758218653018,0.44137272492369395,0.01171940014552139,0.011698501070866374,0.24891549641880834,0.22086093953064756,0.11270715279597576,151.76733944897228,154.66614225997543,-0.20133304516380612,-0.12621989784262644
Thomas-style,3,DVN|MPC|SU,0.7289275054862491,0.4386748799001986,0.011723603200778155,0.011726715527112826,0.24891549641880834,0.25625875334314446,-0.029501003473005438,151.76733944897228,187.12032766457028,-0.20133304516380612,-0.14584825323263184
Thomas-style,3,CVE|ENB|MPC,0.683791357490273,0.4383892686699339,0.011740084107876612,0.011729698518248479,0.24891549641880834,0.21197109752560941,0.14842144994877615,151.76733944897228,174.49835123265444,-0.20133304516380612,-0.10643798906122082
Thomas-style,3,CNQ|MPC|OXY,0.7480952158291911,0.43726127340635956,0.011746869439902519,0.011741472160255931,0.24891549641880834,0.2727537025376443,-0.095768268596373,151.76733944897228,179.71203368065372,-0.20133304516380612,-0.15268350080835769
Thomas-style,3,SU|TRP|VLO,0.6762320866678083,0.4370710158587776,0.011748091599539162,0.01174345684231906,0.24891549641880834,0.20230568896024984,0.1872515296521997,151.76733944897228,180.44429421803508,-0.20133304516380612,-0.12242591850800788
Thomas-style,3,CNQ|FANG|VLO,0.7433063494937115,0.43390589784265676,0.011768966485618072,0.011776424878375982,0.24891549641880834,0.2697424245812381,-0.08367067724617594,151.76733944897228,190.67171319958064,-0.20133304516380612,-0.14174501088297298
Thomas-style,3,MPC|PBA|SU,0.6816141536170885,0.4354008111943073,0.011773144727312265,0.011760865298689334,0.24891549641880834,0.21156906293534217,0.1500365948314829,151.76733944897228,172.36657915821732,-0.20133304516380612,-0.11764323327143567
Thomas-style,3,MPC|SU|TRP,0.6774391591427037,0.4332301255731552,0.01179282194429473,0.011783451808829894,0.24891549641880834,0.20762901711795334,0.16586544387493318,151.76733944897228,175.78810401228714,-0.20133304516380612,-0.11762827656327846
Thomas-style,3,CVE|TRP|VLO,0.6838544911151995,0.4311880125310309,0.011792991581259486,0.011804661037967611,0.24891549641880834,0.21564675391634977,0.13365476630061968,151.76733944897228,193.8693582748118,-0.20133304516380612,-0.10612489650305079
Thomas-style,3,CVE|PBA|VLO,0.688504522704972,0.43112883698253524,0.011802493481942183,0.0118052750625838,0.24891549641880834,0.22153221798784856,0.11001034015530531,151.76733944897228,187.09815633812465,-0.20133304516380612,-0.10899548935407122
Thomas-style,3,OXY|VLO|WMB,0.6841078751984757,0.43255169106837177,0.011810757764939929,0.011790502209487111,0.24891549641880834,0.21708849249767367,0.1278626858473476,151.76733944897228,158.40651489163312,-0.20133304516380612,-0.10593183534443529
Thomas-style,3,FANG|VLO|WMB,0.6782016986539688,0.4309711145423224,0.01182601235592974,0.011806911485617626,0.24891549641880834,0.21103933101517428,0.1521647544992787,151.76733944897228,161.6668357680262,-0.20133304516380612,-0.09546862842631865
Thomas-style,3,IMO|PSX|WMB,0.6735536793599836,0.4308104778862796,0.011827035613338806,0.011808577911516743,0.24891549641880834,0.2050706965287693,0.17614331176982545,151.76733944897228,163.08222563365274,-0.20133304516380612,-0.11685561534904754
Thomas-style,3,CNQ|OXY|VLO,0.7479669097329132,0.42863795069429966,0.011829367393426443,0.01183109240118821,0.24891549641880834,0.27544211225141096,-0.10656876013846373,151.76733944897228,186.3122695770574,-0.20133304516380612,-0.1586730287495569
Thomas-style,3,CNQ|FANG|MPC,0.7386482677537777,0.42799185800985007,0.011839153803857283,0.0118377797744025,0.24891549641880834,0.26852306304812185,-0.07877198049704037,151.76733944897228,183.69414700667866,-0.20133304516380612,-0.13928128221687075
Thomas-style,3,CVE|DVN|PSX,0.7553966014881894,0.4255797136341608,0.011841278500329885,0.011862713330218874,0.24891549641880834,0.2814682813457811,-0.13077845853438408,151.76733944897228,200.7531236871237,-0.20133304516380612,-0.1434325758303161
Thomas-style,3,CNQ|SU|VLO,0.7246066259118472,0.4247170435547868,0.011858600592207998,0.011871617758511189,0.24891549641880834,0.25789490132578063,-0.036074109632227014,151.76733944897228,195.05495040865526,-0.20133304516380612,-0.16446927498304809
Thomas-style,3,CNQ|SU|VLO,0.7246066259118472,0.4247170435547868,0.011858600592207998,0.011871617758511189,0.24891549641880834,0.25789490132578063,-0.036074109632227014,151.76733944897228,195.05495040865526,-0.20133304516380612,-0.16446927498304809
Thomas-style,3,CNQ|MPC|SU,0.7217013058871049,0.4238908682060666,0.011876128510529247,0.011880139233880956,0.24891549641880834,0.256162213320565,-0.02911316091611993,151.76733944897228,188.32277886751882,-0.20133304516380612,-0.1546871424943428
Thomas-style,3,CNQ|MPC|SU,0.7217013058871049,0.4238908682060666,0.011876128510529247,0.011880139233880956,0.24891549641880834,0.256162213320565,-0.02911316091611993,151.76733944897228,188.32277886751882,-0.20133304516380612,-0.1546871424943428
Thomas-style,3,DVN|MPC|WMB,0.6837415239401686,0.4251943948272392,0.011887267932004727,0.011866691393296512,0.24891549641880834,0.22134486196283787,0.11076302943221339,151.76733944897228,157.77878377644186,-0.20133304516380612,-0.10468220314991283
Thomas-style,3,FANG|MPC|WMB,0.6784780844248115,0.4240794614304415,0.011898840799330405,0.011878194552715238,0.24891549641880834,0.21622872783735617,0.13131672817370776,151.76733944897228,157.59693471029735,-0.20133304516380612,-0.09267290125162597
Thomas-style,3,DVN|VLO|WMB,0.6787415310175893,0.42375254982759214,0.011900796774275052,0.011881565303078899,0.24891549641880834,0.2166508100880396,0.12962104326555213,151.76733944897228,161.7085085333112,-0.20133304516380612,-0.10280687704808922
Thomas-style,3,FANG|IMO|MPC,0.7192569711293672,0.4214031756624014,0.011910825677339707,0.011905761374276838,0.24891549641880834,0.2554868069182562,-0.026399764554599692,151.76733944897228,180.52930765833395,-0.20133304516380612,-0.12759785898447173
Thomas-style,3,EQT|IMO|PSX,0.697712593698235,0.4219644249707337,0.01191271338122176,0.011899985572128369,0.24891549641880834,0.23663867394541765,0.04932124616594591,151.76733944897228,172.25076700888218,-0.20133304516380612,-0.13829414339953217
Thomas-style,3,CVE|MPC|TRP,0.6825971587892485,0.42000656557791094,0.011916136439236948,0.011920121705903185,0.24891549641880834,0.22180036889478658,0.10893306328505836,151.76733944897228,188.42848772420288,-0.20133304516380612,-0.10069669412256788
Thomas-style,3,CNQ|DVN|MPC,0.7389818108016745,0.4173237844517167,0.0119476905726966,0.011947658382024565,0.24891549641880834,0.27253748812614975,-0.09489964283941821,151.76733944897228,185.19461270860955,-0.20133304516380612,-0.14689019783372914
Thomas-style,3,DVN|IMO|VLO,0.7241830884979383,0.41654539170820304,0.01195239237751231,0.011955636111740718,0.24891549641880834,0.26110298799695747,-0.04896236575662316,151.76733944897228,187.94400449502297,-0.20133304516380612,-0.14623421800572522
Thomas-style,3,CNQ|DVN|VLO,0.7409185169219904,0.4153055513857986,0.011958916986353846,0.011968332226502756,0.24891549641880834,0.2743928578102286,-0.10235345632541004,151.76733944897228,192.7606010209253,-0.20133304516380612,-0.14748718161167074
Thomas-style,3,MPC|SU|WMB,0.6676833564475966,0.41582636682157204,0.011979358971362285,0.011963000654712945,0.24891549641880834,0.2089249507801427,0.16065912413657146,151.76733944897228,167.4121698758358,-0.20133304516380612,-0.12613945944063432
Thomas-style,3,IMO|OXY|VLO,0.7244106484845919,0.4137499661899454,0.011987138797282538,0.01198424258253362,0.24891549641880834,0.2625700987856502,-0.054856377217541885,151.76733944897228,182.78444148876963,-0.20133304516380612,-0.1451731101709801
Thomas-style,3,CVE|MPC|PBA,0.6835756531539012,0.4136624848124629,0.01198841371035097,0.011985136705246334,0.24891549641880834,0.22681767434598785,0.08877640159309408,151.76733944897228,182.44022035390105,-0.20133304516380612,-0.103440101527832
Thomas-style,3,SU|VLO|WMB,0.6643370277709683,0.41436572693056395,0.011991744517280932,0.011977947175792421,0.24891549641880834,0.20566692911168657,0.1737479905001762,151.76733944897228,171.12983296728038,-0.20133304516380612,-0.13030893038971414
Thomas-style,3,IMO|MPC|OXY,0.7232048994531085,0.413507343639672,0.011994923927186166,0.011986722195801736,0.24891549641880834,0.2618977266263223,-0.052155170707696596,151.76733944897228,177.65074991910527,-0.20133304516380612,-0.13618943605152567
Thomas-style,3,CVE|EQT|PSX,0.724129832832249,0.4082868125521697,0.012030782406841318,0.012039952545461533,0.24891549641880834,0.26394012786778276,-0.060360369945368975,151.76733944897228,192.81206624591277,-0.20133304516380612,-0.1390045088621149
Thomas-style,3,CVE|IMO|PSX,0.7171599488089376,0.4068745362499261,0.01204251357309593,0.012054312210039537,0.24891549641880834,0.2588444570228954,-0.03988888095332266,151.76733944897228,194.79073268787528,-0.20133304516380612,-0.1468072364964289
Thomas-style,3,CVE|IMO|PSX,0.7171599488089376,0.4068745362499261,0.01204251357309593,0.012054312210039537,0.24891549641880834,0.2588444570228954,-0.03988888095332266,151.76733944897228,194.79073268787528,-0.20133304516380612,-0.1468072364964289
Thomas-style,3,IMO|PBA|VLO,0.662892221264824,0.40827345130273307,0.012051603105008517,0.012040088479478604,0.24891549641880834,0.20822694786953966,0.16346330033550371,151.76733944897228,174.15815673007128,-0.20133304516380612,-0.10984705743802747
Thomas-style,3,DVN|IMO|MPC,0.7186738665560156,0.40423123887689527,0.0120848704624908,0.012081142714429382,0.24891549641880834,0.2616265020878344,-0.05106554574504818,151.76733944897228,182.3186044830082,-0.20133304516380612,-0.1337727951368577
Thomas-style,3,EQT|SU|VLO,0.6919630534682031,0.4031694049177059,0.012093102917043389,0.012091903984270375,0.24891549641880834,0.23977607075207025,0.03671698145848146,151.76733944897228,184.6284160829501,-0.20133304516380612,-0.1613332854797479
Thomas-style,3,EQT|MPC|SU,0.6917583388179801,0.4010384760271617,0.012120260787386627,0.012113471267394985,0.24891549641880834,0.24081324896308823,0.032550193026503305,151.76733944897228,179.4768392847371,-0.20133304516380612,-0.14851855615978737
Thomas-style,3,ENB|IMO|VLO,0.6489939232060784,0.40100457982299076,0.01213072237183491,0.012113814023039453,0.24891549641880834,0.1964826324492981,0.21064523793765844,151.76733944897228,167.06928452471237,-0.20133304516380612,-0.10610623037486244
Thomas-style,3,CNQ|IMO|VLO,0.7145729067703153,0.39681609533047246,0.012147570869639463,0.012156093255705597,0.24891549641880834,0.26071869838637723,-0.04741851004611464,151.76733944897228,192.70460409317164,-0.20133304516380612,-0.1532287790517135
Thomas-style,3,CNQ|IMO|VLO,0.7145729067703153,0.39681609533047246,0.012147570869639463,0.012156093255705597,0.24891549641880834,0.26071869838637723,-0.04741851004611464,151.76733944897228,192.70460409317164,-0.20133304516380612,-0.1532287790517135
Thomas-style,3,EQT|PBA|PSX,0.6487320442882208,0.39630131617887177,0.012181856308663145,0.012161279376187136,0.24891549641880834,0.2003753750785685,0.19500642603050122,151.76733944897228,159.61605599481732,-0.20133304516380612,-0.12383327617150974
Thomas-style,3,CNQ|EQT|VLO,0.7149828740026998,0.3930466309166618,0.012192888855218204,0.012194017506377695,0.24891549641880834,0.2626962110280879,-0.05536302402841575,151.76733944897228,186.94433170958317,-0.20133304516380612,-0.1518317204940437
Thomas-style,3,ENB|EQT|PSX,0.635226483580446,0.3920056247024286,0.012226462939891483,0.012204470211900145,0.24891549641880834,0.1848171423524613,0.2575105005053582,151.76733944897228,150.90720149356105,-0.20133304516380612,-0.11682029324239818
Thomas-style,3,CNQ|IMO|MPC,0.709388134034195,0.38807538374828854,0.012244100437254359,0.01224385317578589,0.24891549641880834,0.2602442668542201,-0.04551251568665182,151.76733944897228,185.92610534033957,-0.20133304516380612,-0.14356282678265153
Thomas-style,3,CNQ|IMO|MPC,0.709388134034195,0.38807538374828854,0.012244100437254359,0.01224385317578589,0.24891549641880834,0.2602442668542201,-0.04551251568665182,151.76733944897228,185.92610534033957,-0.20133304516380612,-0.14356282678265153
Thomas-style,3,CNQ|EQT|MPC,0.7109685021109268,0.3875927018798736,0.012255354691945046,0.012248681156889095,0.24891549641880834,0.2618748764819912,-0.05206337190585475,151.76733944897228,180.0045196703389,-0.20133304516380612,-0.14525449019386427
Thomas-style,3,IMO|MPC|PBA,0.6550743409664598,0.3865697623638309,0.012274509346604824,0.01225890673072179,0.24891549641880834,0.21401165872394376,0.14022364295125178,151.76733944897228,169.5689851795528,-0.20133304516380612,-0.11879852020990755
Thomas-style,3,IMO|TRP|VLO,0.645674352561802,0.3844013572532404,0.012289577357463588,0.012280554527393754,0.24891549641880834,0.20467241482419207,0.17774337970576104,151.76733944897228,177.68291302834248,-0.20133304516380612,-0.10818737727303529
Thomas-style,3,ENB|IMO|MPC,0.6445477275009529,0.3853206757688369,0.012290755370501592,0.012271381375867751,0.24891549641880834,0.203440164730152,0.1826938553160331,151.76733944897228,163.13664189288684,-0.20133304516380612,-0.11978969290041352
Thomas-style,3,CVE|VLO|WMB,0.6614950730723411,0.38079810990905083,0.01232149719139802,0.012316442612528445,0.24891549641880834,0.223062360050742,0.10386310511004748,151.76733944897228,181.78986752485264,-0.20133304516380612,-0.11974602314020921
Thomas-style,3,EQT|PSX|TRP,0.6342870398710473,0.3809936906681033,0.01233436003638072,0.012314497326605705,0.24891549641880834,0.19403322159239766,0.2204855688617694,151.76733944897228,162.24435860535004,-0.20133304516380612,-0.1212764335214932
Thomas-style,3,CVE|MPC|WMB,0.6643585816006746,0.37758117873237407,0.01235747229460236,0.012348394889564516,0.24891549641880834,0.22758027664161642,0.08571270203802306,151.76733944897228,177.83267396500142,-0.20133304516380612,-0.11542816823252766
Thomas-style,3,IMO|SU|VLO,0.6896959570430288,0.37516493611166946,0.012362801679024456,0.012372340034210252,0.24891549641880834,0.24932343675821161,-0.0016388708026313648,151.76733944897228,194.17680187115334,-0.20133304516380612,-0.16357907657561588
Thomas-style,3,IMO|SU|VLO,0.6896959570430288,0.37516493611166946,0.012362801679024456,0.012372340034210252,0.24891549641880834,0.24932343675821161,-0.0016388708026313648,151.76733944897228,194.17680187115334,-0.20133304516380612,-0.16357907657561588
Thomas-style,3,IMO|MPC|SU,0.6884995722052049,0.3729578521652681,0.01239251679788311,0.012394171973087044,0.24891549641880834,0.2495596335885987,-0.0025877744819333692,151.76733944897228,188.012489773375,-0.20133304516380612,-0.1519981785881711
Thomas-style,3,IMO|MPC|SU,0.6884995722052049,0.3729578521652681,0.01239251679788311,0.012394171973087044,0.24891549641880834,0.2495596335885987,-0.0025877744819333692,151.76733944897228,188.012489773375,-0.20133304516380612,-0.1519981785881711
Thomas-style,3,IMO|MPC|TRP,0.6422978510849446,0.36856932085751415,0.012451234491408883,0.012437468403561,0.24891549641880834,0.21155371867259326,0.15009823929705313,151.76733944897228,172.65027342633832,-0.20133304516380612,-0.1190900339706571
Thomas-style,3,CVE|MPC|SU,0.6997518473466393,0.3613280311116507,0.0124919962973483,0.01250858196552138,0.24891549641880834,0.2619516244406682,-0.05237170127779511,151.76733944897228,199.73468527008677,-0.20133304516380612,-0.15457331182324796
Thomas-style,3,CVE|MPC|SU,0.6997518473466393,0.3613280311116507,0.0124919962973483,0.01250858196552138,0.24891549641880834,0.2619516244406682,-0.05237170127779511,151.76733944897228,199.73468527008677,-0.20133304516380612,-0.15457331182324796
Thomas-style,3,IMO|VLO|WMB,0.6365085143992801,0.36413223503654313,0.012497743969909944,0.012481091169263504,0.24891549641880834,0.2084777554385777,0.16245569907063095,151.76733944897228,168.76861783449525,-0.20133304516380612,-0.11796039236244782
Thomas-style,3,CVE|SU|VLO,0.7006941906550924,0.3581473465045919,0.012510310402528717,0.012539690612913918,0.24891549641880834,0.2633022050628145,-0.05779756122455337,151.76733944897228,208.34381986220444,-0.20133304516380612,-0.16793210595141328
Thomas-style,3,CVE|SU|VLO,0.7006941906550924,0.3581473465045919,0.012510310402528717,0.012539690612913918,0.24891549641880834,0.2633022050628145,-0.05779756122455337,151.76733944897228,208.34381986220444,-0.20133304516380612,-0.16793210595141328
Thomas-style,3,CNQ|CVE|VLO,0.7185577130526216,0.35128448213264707,0.012584913911676576,0.01260655126830702,0.24891549641880834,0.27857877150303273,-0.11917006177194756,151.76733944897228,203.54172656440235,-0.20133304516380612,-0.1541619555355962
Thomas-style,3,CNQ|CVE|VLO,0.7185577130526216,0.35128448213264707,0.012584913911676576,0.01260655126830702,0.24891549641880834,0.27857877150303273,-0.11917006177194756,151.76733944897228,203.54172656440235,-0.20133304516380612,-0.1541619555355962
Thomas-style,3,CNQ|CVE|MPC,0.715931416786667,0.35161306788136026,0.012592413151895696,0.012603358144628768,0.24891549641880834,0.2769888120490674,-0.1127825146853243,151.76733944897228,195.991696709237,-0.20133304516380612,-0.14323380652799955
Thomas-style,3,CNQ|CVE|MPC,0.715931416786667,0.35161306788136026,0.012592413151895696,0.012603358144628768,0.24891549641880834,0.2769888120490674,-0.1127825146853243,151.76733944897228,195.991696709237,-0.20133304516380612,-0.14323380652799955
Thomas-style,3,IMO|MPC|WMB,0.6353234625661727,0.3541801275114571,0.012597662617170784,0.012578384122957163,0.24891549641880834,0.21330162327933985,0.14307615898508386,151.76733944897228,164.62039446659261,-0.20133304516380612,-0.11367109338680892
Thomas-style,3,CVE|FANG|VLO,0.729190941041095,0.3405453406054131,0.012675830952250134,0.01271047033926671,0.24891549641880834,0.2886347247115488,-0.1595691263267578,151.76733944897228,212.2895580577835,-0.20133304516380612,-0.13445383201328887
Thomas-style,3,CVE|MPC|OXY,0.7314443746459784,0.3414332784019207,0.012688683311661822,0.012701910305203852,0.24891549641880834,0.29052267021524214,-0.16715381081147473,151.76733944897228,198.00049633759502,-0.20133304516380612,-0.14196076079279363
Thomas-style,3,EQT|IMO|VLO,0.6617943616397854,0.33386363999648494,0.012782453902826629,0.012774700316468546,0.24891549641880834,0.24442968039287566,0.018021441374566516,151.76733944897228,180.52436181633277,-0.20133304516380612,-0.14659999674579116
Thomas-style,3,CVE|FANG|MPC,0.7191705643933893,0.3277784625972212,0.012814309288300305,0.012832916319700264,0.24891549641880834,0.2860952147482385,-0.14936682876052876,151.76733944897228,202.2754546014418,-0.20133304516380612,-0.12352048893178846
Thomas-style,3,EQT|PBA|VLO,0.6095707516713093,0.3304695749740607,0.01282533578169893,0.012807203477440937,0.24891549641880834,0.20187982589755227,0.18896240369911332,151.76733944897228,167.56728210844707,-0.20133304516380612,-0.09565385374601199
Thomas-style,3,CVE|OXY|VLO,0.7341045874549836,0.32321849283173043,0.012848413425780504,0.012876368369801583,0.24891549641880834,0.2968874724879423,-0.19272394350418254,151.76733944897228,208.69894855625876,-0.20133304516380612,-0.1438197689693428
Thomas-style,3,EQT|IMO|MPC,0.6582234781633278,0.3201148102232634,0.012918696549788106,0.012905859754058256,0.24891549641880834,0.24716218938776896,0.007043784160747357,151.76733944897228,175.29813050550663,-0.20133304516380612,-0.15216367915015694
Thomas-style,3,ENB|EQT|VLO,0.5844297646185592,0.3160679691403263,0.01296659442551827,0.012944212167320343,0.24891549641880834,0.18513543405480481,0.25623178661681845,151.76733944897228,158.56636515488364,-0.20133304516380612,-0.08126559327678395
Thomas-style,3,CVE|DVN|VLO,0.7286268115726763,0.30523339166646557,0.013003612101458359,0.01304633781214992,0.24891549641880834,0.297756170612441,-0.19621387537663226,151.76733944897228,218.56318930762413,-0.20133304516380612,-0.14412089110070936
Thomas-style,3,CVE|DVN|MPC,0.7207705076551985,0.3069699201790952,0.01300681549349474,0.013030023332246567,0.24891549641880834,0.2928218431722824,-0.17639057184129747,151.76733944897228,206.12928402156277,-0.20133304516380612,-0.13383339739293953
Thomas-style,3,CVE|IMO|VLO,0.6865515695675088,0.30438509821588444,0.01302794015794214,0.01305430001605762,0.24891549641880834,0.2709776128735198,-0.08863295685533057,151.76733944897228,208.32098656609492,-0.20133304516380612,-0.15652868709752343
Thomas-style,3,CVE|IMO|VLO,0.6865515695675088,0.30438509821588444,0.01302794015794214,0.01305430001605762,0.24891549641880834,0.2709776128735198,-0.08863295685533057,151.76733944897228,208.32098656609492,-0.20133304516380612,-0.15652868709752343
Thomas-style,3,CVE|IMO|MPC,0.6835994784885385,0.2998965187388978,0.013082136106261133,0.013096349893532184,0.24891549641880834,0.27077086766703795,-0.0878023729445001,151.76733944897228,200.06370029284898,-0.20133304516380612,-0.14878963090423503
Thomas-style,3,CVE|IMO|MPC,0.6835994784885385,0.2998965187388978,0.013082136106261133,0.013096349893532184,0.24891549641880834,0.27077086766703795,-0.0878023729445001,151.76733944897228,200.06370029284898,-0.20133304516380612,-0.14878963090423503
Thomas-style,3,EQT|MPC|PBA,0.6022455737994448,0.303113486848099,0.013087598923857637,0.013066226454681328,0.24891549641880834,0.21055017825945868,0.1541298903094357,151.76733944897228,162.1974815762,-0.20133304516380612,-0.11817297498428536
Thomas-style,3,EQT|PSX|WMB,0.599757287699307,0.302979386885433,0.013090331513829618,0.013067483543291151,0.24891549641880834,0.20853544047891479,0.1622239535940856,151.76733944897228,157.6541216426427,-0.20133304516380612,-0.10986797204049847
Thomas-style,3,ENB|EQT|MPC,0.5840734917763447,0.30072162072881825,0.013112140402272062,0.013088630313279722,0.24891549641880834,0.1954226316618963,0.21490371441924438,151.76733944897228,153.8763529331233,-0.20133304516380612,-0.10577695081360128
Thomas-style,3,CVE|EQT|VLO,0.6879330717366926,0.2832772570405778,0.013225455481706661,0.013250880694672736,0.24891549641880834,0.2782009740987942,-0.11765228803076244,151.76733944897228,208.43008591837543,-0.20133304516380612,-0.14969730678743087
Thomas-style,3,EQT|TRP|VLO,0.5754355617321779,0.28533851496863716,0.01324739272403242,0.013231812547687894,0.24891549641880834,0.19597600846740484,0.21268056313509343,151.76733944897228,172.83934800394053,-0.20133304516380612,-0.08559226216971505
Thomas-style,3,CVE|EQT|MPC,0.6847147042462071,0.281826254700987,0.013252426017734388,0.013264287090409695,0.24891549641880834,0.2769607100174828,-0.11266961680636989,151.76733944897228,198.89494724171848,-0.20133304516380612,-0.13449295372490877
Thomas-style,3,EQT|MPC|TRP,0.5782844352232216,0.26883917723842876,0.0134037777871745,0.013383681946874806,0.24891549641880834,0.20747013876169987,0.1665037261777198,151.76733944897228,166.28220799729746,-0.20133304516380612,-0.1084110237089021
Thomas-style,3,EQT|MPC|WMB,0.5474933249640148,0.17882476602338426,0.014207703304813621,0.014183619511658488,0.24891549641880834,0.22277595166809944,0.1050137300681685,151.76733944897228,160.702042797075,-0.20133304516380612,-0.11655319393940944
Thomas-style,3,EQT|VLO|WMB,0.5372574090381516,0.1767815506094782,0.01422292214328346,0.014201254106789407,0.24891549641880834,0.21681420429928142,0.12896461884203247,151.76733944897228,166.549109016932,-0.20133304516380612,-0.09169304265728917
